Ensembl ID	HGNC symbol	DBD	Is TF?	TF assessment	Binding mode	Motif status	Final Notes	Final Comments	Interpro ID(s)	EntrezGene ID	EntrezGene Description	PDB ID	TF tested by HT-SELEX?	TF tested by PBM?	Conditional Binding Requirements 	Original Comments	Vaquerizas 2009 classification	CisBP considers it a TF?	TFCat classification	Is a GO TF?	Initial assessment 	Curator 1	Curator 2	TFclass considers it a TF? 	Go Evidence	Pfam Domains (By ENSP ID)	Is C2H2 ZF(KRAB)?
ENSG00000214717	ZBED1	BED ZF	Yes	Known motif	Monomer or homomultimer	High-throughput in vitro			IPR003656;IPR008906;IPR012337;	9189	zinc finger BED-type containing 1 [Source:HGNC Symbol;Acc:HGNC:447]		DBD	not tested			a	Yes	No	Yes	1a1, Direct HQ evidence	Yimeng Yin	Pratyush Das	Yes	$#ENSG00000214717#GO:0003700#sequence-specific DNA binding transcription factor activity#IBA - GO_REF:0000033	$#ENSP00000370616#ENSG00000214717#ENST00000381218#BED ZF#DUF4413, Dimer_Tnp_hAT$#ENSP00000370620#ENSG00000214717#ENST00000381222#BED ZF#DUF4413, Dimer_Tnp_hAT$#ENSP00000370621#ENSG00000214717#ENST00000381223#BED ZF#DUF4413, Dimer_Tnp_hAT$#ENSP00000419148#ENSG00000214717#ENST00000461691#BED ZF#	False
ENSG00000188290	HES4	bHLH	Yes	Inferred motif	Monomer or homomultimer	High-throughput in vitro			IPR003650;IPR011598	57801	hes family bHLH transcription factor 4 [Source:HGNC Symbol;Acc:HGNC:24149]		DBD	not tested			b	Yes	No	No	1a2, Orthologous HQ evidence	Sam Lambert	Pratyush Das	Yes		$#ENSP00000304595#ENSG00000188290#ENST00000304952#bHLH#Hairy_orange$#ENSP00000393198#ENSG00000188290#ENST00000428771#bHLH#Hairy_orange$#ENSP00000425085#ENSG00000188290#ENST00000484667#bHLH#Hairy_orange	False
ENSG00000125520	SLC2A4RG	C2H2 ZF	Yes	Likely to be sequence specific TF	Monomer or homomultimer	No motif	Single C2H2 domain	Two papers demonstrate a bit of evidence for DNA binding (PMID:10825161 and PMID: 14625278 ).	IPR007087;IPR015880	56731	SLC2A4 regulator [Source:HGNC Symbol;Acc:HGNC:15930]		Full	not tested			x	Yes	No	Yes	4a, two or more datasets predict it as a TF	Tim Hughes	Sam Lambert	No	$#ENSG00000125520#GO:0003700#sequence-specific DNA binding transcription factor activity#TAS - PMID:10825161	$#ENSP00000266077#ENSG00000125520#ENST00000266077#C2H2 ZF Containing Proteins#	False
ENSG00000179059	ZFP42	C2H2 ZF	Yes	Known motif	Monomer or homomultimer	High-throughput in vitro			IPR007087;IPR015880	132625	ZFP42 zinc finger protein [Source:HGNC Symbol;Acc:HGNC:30949]		DBD and Full	not tested			b	Yes	Indeterminate - There is no evidence for or against this genes role as a TF___PMIDS:0	Yes	1a1, Direct HQ evidence	Sam Lambert	Laura Campitelli	Yes	$#ENSG00000179059#GO:0003700#sequence-specific DNA binding transcription factor activity#NAS - PMID:14688391	$#ENSP00000317686#ENSG00000179059#ENST00000326866#C2H2 ZF Containing Proteins#$#ENSP00000424662#ENSG00000179059#ENST00000509524#C2H2 ZF Containing Proteins#$#ENSP00000483363#ENSG00000179059#ENST00000618147#C2H2 ZF Containing Proteins#	False
ENSG00000204644	ZFP57	C2H2 ZF	Yes	Known motif	Monomer or homomultimer	In vivo/Misc source	Motif obtained from MEME - not supported by recognition code (RCADE) and may be inaccurate or indirect	Recognizes CpG methylated  ACTGCGGCAAT site based on structure 4GZN	IPR001909;IPR007087;IPR015880;	346171	ZFP57 zinc finger protein [Source:HGNC Symbol;Acc:HGNC:18791]	4GZN	not tested	not tested			b	Yes	Indeterminate - There is no evidence for or against this genes role as a TF___PMIDS:0	No	1a1, Direct HQ evidence	Laura Campitelli	Arttu Jolma	Yes		$#ENSP00000418259#ENSG00000204644#ENST00000488757#C2H2 ZF Containing Proteins#KRAB$#ENSP00000366078#ENSG00000204644#ENST00000376881#C2H2 ZF Containing Proteins#KRAB$#ENSP00000366080#ENSG00000204644#ENST00000376883#C2H2 ZF Containing Proteins#KRAB	True
ENSG00000269699	ZIM2	C2H2 ZF	Yes	Known motif	Monomer or homomultimer	In vivo/Misc source	Motif obtained from MEME - not supported by recognition code (RCADE) and may be inaccurate or indirect	Binds GKGGSWST consensus with GTGGCAGT as the optimal site based on competition EMSA (PMID: 26692216).	IPR001909;IPR007087;IPR015880;	23619	zinc finger imprinted 2 [Source:HGNC Symbol;Acc:HGNC:12875]		not tested	not tested		TFs that are in CisBP but not in Vaquerizas set	No	Yes	No	Yes	1a1, Direct HQ evidence	Sam Lambert	Jussi Taipale	Yes	$#ENSG00000269699#GO:0003700#sequence-specific DNA binding transcription factor activity#IBA - GO_REF:0000033	$#ENSP00000472306#ENSG00000269699#ENST00000593711#C2H2 ZF Containing Proteins#KRAB$#ENSP00000470326#ENSG00000269699#ENST00000601070#C2H2 ZF Containing Proteins#KRAB$#ENSP00000469173#ENSG00000269699#ENST00000593931#C2H2 ZF Containing Proteins#	True
ENSG00000131849	ZNF132	C2H2 ZF	Yes	Known motif	Monomer or homomultimer	High-throughput in vitro	ChIP-seq motif is consistent with recognition code (RCADE)		IPR001909;IPR007087;IPR015880;	7691	zinc finger protein 132 [Source:HGNC Symbol;Acc:HGNC:12916]		DBD and Full	not tested			b	Yes	No	Yes	1a1, Direct HQ evidence	Pratyush Das	Arttu Jolma	Yes	$#ENSG00000131849#GO:0003700#sequence-specific DNA binding transcription factor activity#TAS - PMID:7557990	$#ENSP00000254166#ENSG00000131849#ENST00000254166#C2H2 ZF Containing Proteins#KRAB, zf-H2C2_2	True
ENSG00000197279	ZNF165	C2H2 ZF	Yes	Likely to be sequence specific TF	Monomer or homomultimer	No motif		Virtually nothing is known for this protein except that it has a decent cassette of znfC2H2 domains and a SCAN-domain and that it appears to be expressed commonly in urinary bladder cancers PMID: 25214475	IPR003309;IPR007087;IPR008916;IPR015880	7718	zinc finger protein 165 [Source:HGNC Symbol;Acc:HGNC:12953]		DBD and Full	not tested			b	Yes	No	Yes	4a, two or more datasets predict it as a TF	Arttu Jolma	Pratyush Das	Yes	$#ENSG00000197279#GO:0003700#sequence-specific DNA binding transcription factor activity#IBA - GO_REF:0000033	$#ENSP00000366542#ENSG00000197279#ENST00000377325#C2H2 ZF Containing Proteins#SCAN	False
ENSG00000105497	ZNF175	C2H2 ZF	Yes	Known motif	Monomer or homomultimer	In vivo/Misc source	Motif obtained from MEME - not supported by recognition code (RCADE) and may be inaccurate or indirect		IPR001909;IPR007087;IPR015880;	7728	zinc finger protein 175 [Source:HGNC Symbol;Acc:HGNC:12964]		Full	not tested			a	Yes	No	Yes	1a1, Direct HQ evidence	Yimeng Yin	Laura Campitelli	Yes	$#ENSG00000105497#GO:0003700#sequence-specific DNA binding transcription factor activity#TAS - PMID:8838321	$#ENSP00000262259#ENSG00000105497#ENST00000262259#C2H2 ZF Containing Proteins#KRAB, zf-H2C2_2$#ENSP00000444424#ENSG00000105497#ENST00000545217#C2H2 ZF Containing Proteins#$#ENSP00000440578#ENSG00000105497#ENST00000436511#C2H2 ZF Containing Proteins#KRAB$#ENSP00000470922#ENSG00000105497#ENST00000596504#C2H2 ZF Containing Proteins#KRAB	True
ENSG00000197841	ZNF181	C2H2 ZF	Yes	Known motif	Monomer or homomultimer	High-throughput in vitro	ChIP-seq motif is consistent with recognition code (RCADE)		IPR001909;IPR003656;IPR007087;IPR015880	339318	zinc finger protein 181 [Source:HGNC Symbol;Acc:HGNC:12971]		DBD and Full	not tested			a	Yes	No	No	1a1, Direct HQ evidence	Sam Lambert	Arttu Jolma	Yes		$#ENSP00000419435#ENSG00000197841#ENST00000459757#C2H2 ZF Containing Proteins#KRAB$#ENSP00000420727#ENSG00000197841#ENST00000492450#C2H2 ZF Containing Proteins#KRAB$#ENSP00000473016#ENSG00000197841#ENST00000595708#C2H2 ZF Containing Proteins#KRAB$#ENSP00000471063#ENSG00000197841#ENST00000593781#C2H2 ZF Containing Proteins#KRAB$#ENSP00000472046#ENSG00000197841#ENST00000599244#C2H2 ZF Containing Proteins#KRAB	True
ENSG00000186448	ZNF197	C2H2 ZF	Yes	Known motif	Monomer or homomultimer	High-throughput in vitro	ChIP-seq motif is consistent with recognition code (RCADE)		IPR001909;IPR003309;IPR007087;IPR008916;IPR015880;	10168	zinc finger protein 197 [Source:HGNC Symbol;Acc:HGNC:12988]		DBD	not tested			a	Yes	No	Yes	1a1, Direct HQ evidence	Jussi Taipale	Arttu Jolma	Yes	$#ENSG00000186448#GO:0003700#sequence-specific DNA binding transcription factor activity#IEA - GO_REF:0000002	$#ENSP00000345809#ENSG00000186448#ENST00000344387#C2H2 ZF Containing Proteins#KRAB, SCAN$#ENSP00000373250#ENSG00000186448#ENST00000383744#C2H2 ZF Containing Proteins#KRAB, SCAN$#ENSP00000373251#ENSG00000186448#ENST00000383745#C2H2 ZF Containing Proteins#KRAB, SCAN$#ENSP00000379370#ENSG00000186448#ENST00000396058#C2H2 ZF Containing Proteins#KRAB, SCAN$#ENSP00000394713#ENSG00000186448#ENST00000412641#C2H2 ZF Containing Proteins#SCAN	True
ENSG00000010539	ZNF200	C2H2 ZF	Yes	Known motif	Monomer or homomultimer	High-throughput in vitro			IPR007087;IPR015880	7752	zinc finger protein 200 [Source:HGNC Symbol;Acc:HGNC:12993]		DBD and Full	not tested			a	Yes	No	Yes	1a1, Direct HQ evidence	Jussi Taipale	Sam Lambert	Yes	$#ENSG00000010539#GO:0003700#sequence-specific DNA binding transcription factor activity#IBA - GO_REF:0000033	$#ENSP00000380077#ENSG00000010539#ENST00000396868#C2H2 ZF Containing Proteins#KRAB$#ENSP00000380079#ENSG00000010539#ENST00000396870#C2H2 ZF Containing Proteins#KRAB$#ENSP00000380080#ENSG00000010539#ENST00000396871#C2H2 ZF Containing Proteins#KRAB$#ENSP00000405786#ENSG00000010539#ENST00000414144#C2H2 ZF Containing Proteins#KRAB$#ENSP00000395723#ENSG00000010539#ENST00000431561#C2H2 ZF Containing Proteins#KRAB$#ENSP00000458508#ENSG00000010539#ENST00000575948#C2H2 ZF Containing Proteins#KRAB$#ENSP00000458777#ENSG00000010539#ENST00000575617#C2H2 ZF Containing Proteins#	False
ENSG00000149050	ZNF214	C2H2 ZF	Yes	Known motif	Monomer or homomultimer	High-throughput in vitro	ChIP-seq motif is consistent with recognition code (RCADE)		IPR001909;IPR007087;IPR015880;	7761	zinc finger protein 214 [Source:HGNC Symbol;Acc:HGNC:13006]		Full	not tested			b	Yes	No	No	1a1, Direct HQ evidence	Sam Lambert	Pratyush Das	Yes		$#ENSP00000278314#ENSG00000149050#ENST00000278314#C2H2 ZF Containing Proteins#KRAB$#ENSP00000445373#ENSG00000149050#ENST00000536068#C2H2 ZF Containing Proteins#KRAB	True
ENSG00000149054	ZNF215	C2H2 ZF	Yes	Likely to be sequence specific TF	Monomer or homomultimer	No motif			IPR001909;IPR003309;IPR007087;IPR008916;IPR015880;	7762	zinc finger protein 215 [Source:HGNC Symbol;Acc:HGNC:13007]		DBD and Full	not tested			a	Yes	No	Yes	4a, two or more datasets predict it as a TF	Pratyush Das	Sam Lambert	Yes	$#ENSG00000149054#GO:0003700#sequence-specific DNA binding transcription factor activity#IBA - GO_REF:0000033 | NAS - PMID:10762538	$#ENSP00000278319#ENSG00000149054#ENST00000278319#C2H2 ZF Containing Proteins#KRAB, SCAN$#ENSP00000432306#ENSG00000149054#ENST00000529903#C2H2 ZF Containing Proteins#KRAB, SCAN$#ENSP00000393202#ENSG00000149054#ENST00000414517#C2H2 ZF Containing Proteins#KRAB, SCAN$#ENSP00000484674#ENSG00000149054#ENST00000610573#C2H2 ZF Containing Proteins#KRAB, SCAN	True
ENSG00000152454	ZNF256	C2H2 ZF	Yes	Likely to be sequence specific TF	Monomer or homomultimer	No motif		Virtually nothing is known for this protein except that it has a decent cassette of znfC2H2 domains and a KRAB-domain	IPR001909;IPR007087;IPR015880;	10172	zinc finger protein 256 [Source:HGNC Symbol;Acc:HGNC:13049]		DBD and Full	not tested			b	Yes	No	Yes	4a, two or more datasets predict it as a TF	Sam Lambert	Arttu Jolma	Yes	$#ENSG00000152454#GO:0003700#sequence-specific DNA binding transcription factor activity#TAS - PMID:10585455	$#ENSP00000282308#ENSG00000152454#ENST00000282308#C2H2 ZF Containing Proteins#KRAB$#ENSP00000472858#ENSG00000152454#ENST00000598928#C2H2 ZF Containing Proteins#	True
ENSG00000131845	ZNF304	C2H2 ZF	Yes	Known motif	Monomer or homomultimer	High-throughput in vitro	ChIP-seq motif is consistent with recognition code (RCADE)		IPR001909;IPR007087;IPR015880;	57343	zinc finger protein 304 [Source:HGNC Symbol;Acc:HGNC:13505]		Full	not tested			b	Yes	No	Yes	1a1, Direct HQ evidence	Sam Lambert	Laura Campitelli	Yes	$#ENSG00000131845#GO:0003700#sequence-specific DNA binding transcription factor activity#IBA - GO_REF:0000033	$#ENSP00000401642#ENSG00000131845#ENST00000443917#C2H2 ZF Containing Proteins#KRAB$#ENSP00000470319#ENSG00000131845#ENST00000598744#C2H2 ZF Containing Proteins#$#ENSP00000282286#ENSG00000131845#ENST00000282286#C2H2 ZF Containing Proteins#KRAB$#ENSP00000375586#ENSG00000131845#ENST00000391705#C2H2 ZF Containing Proteins#KRAB	True
ENSG00000160961	ZNF333	C2H2 ZF	Yes	Known motif	Monomer or homomultimer	High-throughput in vitro	ChIP-seq motif is consistent with recognition code (RCADE)		IPR001909;IPR003656;IPR007087;IPR015880	84449	zinc finger protein 333 [Source:HGNC Symbol;Acc:HGNC:15624]		Full	not tested			b	Yes	No	No	1a1, Direct HQ evidence	Jussi Taipale	Yimeng Yin	Yes		$#ENSP00000292530#ENSG00000160961#ENST00000292530#C2H2 ZF Containing Proteins#KRAB$#ENSP00000438130#ENSG00000160961#ENST00000540689#C2H2 ZF Containing Proteins#KRAB$#ENSP00000472026#ENSG00000160961#ENST00000601134#C2H2 ZF Containing Proteins#KRAB	True
ENSG00000256683	ZNF350	C2H2 ZF	Yes	Known motif	Monomer or homomultimer	High-throughput in vitro	ChIP-seq motif is consistent with recognition code (RCADE)		IPR001909;IPR007087;IPR015880;	59348	zinc finger protein 350 [Source:HGNC Symbol;Acc:HGNC:16656]		DBD and Full	not tested			a	Yes	No	Yes	2a1, Lower confidence direct evidence	Sam Lambert	Laura Campitelli	Yes	$#ENSG00000256683#GO:0001227#RNA polymerase II transcription regulatory region sequence-specific DNA binding transcription factor#IDA - PMID:11090615	$#ENSP00000243644#ENSG00000256683#ENST00000243644#C2H2 ZF Containing Proteins#KRAB$#ENSP00000472104#ENSG00000256683#ENST00000593596#C2H2 ZF Containing Proteins#KRAB$#ENSP00000469594#ENSG00000256683#ENST00000594929#C2H2 ZF Containing Proteins#KRAB$#ENSP00000470930#ENSG00000256683#ENST00000601430#C2H2 ZF Containing Proteins#	True
ENSG00000144026	ZNF514	C2H2 ZF	Yes	Likely to be sequence specific TF	Monomer or homomultimer	No motif			IPR001909;IPR007087;IPR015880;	84874	zinc finger protein 514 [Source:HGNC Symbol;Acc:HGNC:25894]		DBD and Full	not tested			b	Yes	No	Yes	4a, two or more datasets predict it as a TF	Sam Lambert	Laura Campitelli	Yes	$#ENSG00000144026#GO:0003700#sequence-specific DNA binding transcription factor activity#IBA - GO_REF:0000033	$#ENSP00000295208#ENSG00000144026#ENST00000295208#C2H2 ZF Containing Proteins#KRAB$#ENSP00000405509#ENSG00000144026#ENST00000411425#C2H2 ZF Containing Proteins#KRAB$#ENSP00000399647#ENSG00000144026#ENST00000447814#C2H2 ZF Containing Proteins#KRAB	True
ENSG00000188785	ZNF548	C2H2 ZF	Yes	Known motif	Monomer or homomultimer	High-throughput in vitro	ChIP-seq motif is consistent with recognition code (RCADE)		IPR001909;IPR007087;IPR015880;	147694	zinc finger protein 548 [Source:HGNC Symbol;Acc:HGNC:26561]		DBD and Full	not tested			b	Yes	No	Yes	1a1, Direct HQ evidence	Yimeng Yin	Sam Lambert	Yes	$#ENSG00000188785#GO:0003700#sequence-specific DNA binding transcription factor activity#IBA - GO_REF:0000033	$#ENSP00000379482#ENSG00000188785#ENST00000366197#C2H2 ZF Containing Proteins#KRAB$#ENSP00000337555#ENSG00000188785#ENST00000336128#C2H2 ZF Containing Proteins#KRAB$#ENSP00000473179#ENSG00000188785#ENST00000597400#C2H2 ZF Containing Proteins#KRAB$#ENSP00000470982#ENSG00000188785#ENST00000600927#C2H2 ZF Containing Proteins#KRAB	True
ENSG00000124444	ZNF576	C2H2 ZF	Yes	Likely to be sequence specific TF	Monomer or homomultimer	No motif			IPR007087;IPR015880	79177	zinc finger protein 576 [Source:HGNC Symbol;Acc:HGNC:28357]		DBD and Full	not tested			b	Yes	No	No	4a, two or more datasets predict it as a TF	Yimeng Yin	Tim Hughes	Yes		$#ENSP00000337852#ENSG00000124444#ENST00000336564#C2H2 ZF Containing Proteins#$#ENSP00000375827#ENSG00000124444#ENST00000391965#C2H2 ZF Containing Proteins#$#ENSP00000436182#ENSG00000124444#ENST00000525771#C2H2 ZF Containing Proteins#$#ENSP00000435463#ENSG00000124444#ENST00000529930#C2H2 ZF Containing Proteins#$#ENSP00000435899#ENSG00000124444#ENST00000533118#C2H2 ZF Containing Proteins#$#ENSP00000435934#ENSG00000124444#ENST00000528387#C2H2 ZF Containing Proteins#	False
ENSG00000153896	ZNF599	C2H2 ZF	Yes	Likely to be sequence specific TF	Monomer or homomultimer	No motif		Virtually nothing is known for this protein except that it has a decent cassette of znfC2H2 domains and a KRAB-domain	IPR001909;IPR007087;IPR015880;	148103	zinc finger protein 599 [Source:HGNC Symbol;Acc:HGNC:26408]		DBD and Full	not tested			b	Yes	No	No	4a, two or more datasets predict it as a TF	Yimeng Yin	Arttu Jolma	Yes		$#ENSP00000468446#ENSG00000153896#ENST00000587354#C2H2 ZF Containing Proteins#KRAB$#ENSP00000333802#ENSG00000153896#ENST00000329285#C2H2 ZF Containing Proteins#KRAB$#ENSP00000465262#ENSG00000153896#ENST00000588760#C2H2 ZF Containing Proteins#KRAB	True
ENSG00000176024	ZNF613	C2H2 ZF	Yes	Known motif	Monomer or homomultimer	High-throughput in vitro	ChIP-seq motif is consistent with recognition code (RCADE)		IPR001909;IPR007087;IPR015880;	79898	zinc finger protein 613 [Source:HGNC Symbol;Acc:HGNC:25827]		Full	not tested			b	Yes	No	Yes	1a1, Direct HQ evidence	Yimeng Yin	Laura Campitelli	Yes	$#ENSG00000176024#GO:0003700#sequence-specific DNA binding transcription factor activity#IBA - GO_REF:0000033	$#ENSP00000293471#ENSG00000176024#ENST00000293471#C2H2 ZF Containing Proteins#KRAB$#ENSP00000375671#ENSG00000176024#ENST00000391794#C2H2 ZF Containing Proteins#$#ENSP00000490115#ENSG00000176024#ENST00000601794#C2H2 ZF Containing Proteins#$#ENSP00000472455#ENSG00000176024#ENST00000599683#C2H2 ZF Containing Proteins#KRAB	True
ENSG00000177842	ZNF620	C2H2 ZF	Yes	Known motif	Monomer or homomultimer	In vivo/Misc source	Motif obtained from MEME - not supported by recognition code (RCADE) and may be inaccurate or indirect		IPR001909;IPR007087;IPR015880;	253639	zinc finger protein 620 [Source:HGNC Symbol;Acc:HGNC:28742]		not tested	not tested			b	Yes	No	No	1a1, Direct HQ evidence	Pratyush Das	Jussi Taipale	Yes		$#ENSP00000322265#ENSG00000177842#ENST00000314529#C2H2 ZF Containing Proteins#KRAB$#ENSP00000391472#ENSG00000177842#ENST00000418905#C2H2 ZF Containing Proteins#$#ENSP00000406156#ENSG00000177842#ENST00000420891#C2H2 ZF Containing Proteins#KRAB	True
ENSG00000172888	ZNF621	C2H2 ZF	Yes	Known motif	Monomer or homomultimer	In vivo/Misc source	Motif obtained from MEME - not supported by recognition code (RCADE) and may be inaccurate or indirect		IPR001909;IPR007087;IPR015880;	285268	zinc finger protein 621 [Source:HGNC Symbol;Acc:HGNC:24787]		DBD and Full	not tested			b	Yes	No	Yes	1a1, Direct HQ evidence	Sam Lambert	Arttu Jolma	Yes	$#ENSG00000172888#GO:0003700#sequence-specific DNA binding transcription factor activity#IBA - GO_REF:0000033	$#ENSP00000340841#ENSG00000172888#ENST00000339296#C2H2 ZF Containing Proteins#KRAB$#ENSP00000386051#ENSG00000172888#ENST00000403205#C2H2 ZF Containing Proteins#KRAB$#ENSP00000413236#ENSG00000172888#ENST00000431278#C2H2 ZF Containing Proteins#$#ENSP00000312144#ENSG00000172888#ENST00000310898#C2H2 ZF Containing Proteins#KRAB	True
ENSG00000117010	ZNF684	C2H2 ZF	Yes	Known motif	Monomer or homomultimer	High-throughput in vitro			IPR001909;IPR007087;IPR015880;	127396	zinc finger protein 684 [Source:HGNC Symbol;Acc:HGNC:28418]		DBD and Full	not tested			b	Yes	No	No	1a1, Direct HQ evidence	Laura Campitelli	Pratyush Das	Yes		$#ENSP00000361784#ENSG00000117010#ENST00000372699#C2H2 ZF Containing Proteins#KRAB$#ENSP00000361781#ENSG00000117010#ENST00000372696#C2H2 ZF Containing Proteins#KRAB$#ENSP00000361782#ENSG00000117010#ENST00000372697#C2H2 ZF Containing Proteins#KRAB	True
ENSG00000178665	ZNF713	C2H2 ZF	Yes	Known motif	Monomer or homomultimer	High-throughput in vitro			IPR001909;IPR007087;IPR015880;	349075	zinc finger protein 713 [Source:HGNC Symbol;Acc:HGNC:22043]		DBD and Full	not tested			b	Yes	No	No	1a1, Direct HQ evidence	Sam Lambert	Yimeng Yin	Yes		$#ENSP00000487818#ENSG00000178665#ENST00000633730#C2H2 ZF Containing Proteins#KRAB$#ENSP00000416662#ENSG00000178665#ENST00000429591#C2H2 ZF Containing Proteins#KRAB	True
ENSG00000185252	ZNF74	C2H2 ZF	Yes	Known motif	Monomer or homomultimer	In vivo/Misc source	Motif obtained from MEME - not supported by recognition code (RCADE) and may be inaccurate or indirect		IPR001909;IPR007087;IPR015880;	7625	zinc finger protein 74 [Source:HGNC Symbol;Acc:HGNC:13144]		Full	not tested			b	Yes	No	Yes	1a1, Direct HQ evidence	Yimeng Yin	Jussi Taipale	Yes	$#ENSG00000185252#GO:0003700#sequence-specific DNA binding transcription factor activity#IBA - GO_REF:0000033	$#ENSP00000350101#ENSG00000185252#ENST00000357502#C2H2 ZF Containing Proteins#$#ENSP00000383301#ENSG00000185252#ENST00000400451#C2H2 ZF Containing Proteins#KRAB$#ENSP00000384750#ENSG00000185252#ENST00000403682#C2H2 ZF Containing Proteins#$#ENSP00000483077#ENSG00000185252#ENST00000611540#C2H2 ZF Containing Proteins#KRAB	True
ENSG00000162086	ZNF75A	C2H2 ZF	Yes	Known motif	Monomer or homomultimer	High-throughput in vitro			IPR001909;IPR003309;IPR007087;IPR008916;IPR015880;	7627	zinc finger protein 75a [Source:HGNC Symbol;Acc:HGNC:13146]		DBD and Full	not tested			b	Yes	No	No	1a1, Direct HQ evidence	Arttu Jolma	Jussi Taipale	Yes		$#ENSP00000482769#ENSG00000162086#ENST00000617839#C2H2 ZF Containing Proteins#KRAB$#ENSP00000459566#ENSG00000162086#ENST00000574298#C2H2 ZF Containing Proteins#KRAB$#ENSP00000459707#ENSG00000162086#ENST00000572999#C2H2 ZF Containing Proteins#KRAB$#ENSP00000483325#ENSG00000162086#ENST00000612186#C2H2 ZF Containing Proteins#SCAN	True
ENSG00000186376	ZNF75D	C2H2 ZF	Yes	Known motif	Monomer or homomultimer	High-throughput in vitro	ChIP-seq motif is consistent with recognition code (RCADE)		IPR001909;IPR003309;IPR007087;IPR008916;IPR015880;	7626	zinc finger protein 75D [Source:HGNC Symbol;Acc:HGNC:13145]		Full	not tested			b	Yes	No	Yes	1a1, Direct HQ evidence	Laura Campitelli	Pratyush Das	Yes	$#ENSG00000186376#GO:0003700#sequence-specific DNA binding transcription factor activity#IBA - GO_REF:0000033	$#ENSP00000359802#ENSG00000186376#ENST00000370766#C2H2 ZF Containing Proteins#KRAB, SCAN$#ENSP00000359800#ENSG00000186376#ENST00000370764#C2H2 ZF Containing Proteins#KRAB, SCAN	True
ENSG00000196597	ZNF782	C2H2 ZF	Yes	Known motif	Monomer or homomultimer	In vivo/Misc source	Motif obtained from MEME - not supported by recognition code (RCADE) and may be inaccurate or indirect		IPR001909;IPR007087;IPR015880;	158431	zinc finger protein 782 [Source:HGNC Symbol;Acc:HGNC:33110]		Full	not tested			c	Yes	No	Yes	1a1, Direct HQ evidence	Laura Campitelli	Sam Lambert	Yes	$#ENSG00000196597#GO:0003700#sequence-specific DNA binding transcription factor activity#IBA - GO_REF:0000033	$#ENSP00000419397#ENSG00000196597#ENST00000481138#C2H2 ZF Containing Proteins#KRAB$#ENSP00000440624#ENSG00000196597#ENST00000535338#C2H2 ZF Containing Proteins#KRAB$#ENSP00000418686#ENSG00000196597#ENST00000289032#C2H2 ZF Containing Proteins#$#ENSP00000417577#ENSG00000196597#ENST00000478850#C2H2 ZF Containing Proteins#KRAB	True
ENSG00000198556	ZNF789	C2H2 ZF	Yes	Known motif	Monomer or homomultimer	High-throughput in vitro	ChIP-seq motif is consistent with recognition code (RCADE)		IPR001909;IPR007087;IPR015880;	285989	zinc finger protein 789 [Source:HGNC Symbol;Acc:HGNC:27801]		Full	not tested			c	Yes	No	Yes	1a1, Direct HQ evidence	Jussi Taipale	Pratyush Das	Yes	$#ENSG00000198556#GO:0003700#sequence-specific DNA binding transcription factor activity#IBA - GO_REF:0000033	$#ENSP00000331927#ENSG00000198556#ENST00000331410#C2H2 ZF Containing Proteins#KRAB$#ENSP00000405206#ENSG00000198556#ENST00000448667#C2H2 ZF Containing Proteins#KRAB$#ENSP00000417227#ENSG00000198556#ENST00000483089#C2H2 ZF Containing Proteins#KRAB$#ENSP00000369047#ENSG00000198556#ENST00000379724#C2H2 ZF Containing Proteins#KRAB	True
ENSG00000196152	ZNF79	C2H2 ZF	Yes	Known motif	Monomer or homomultimer	High-throughput in vitro	ChIP-seq motif is consistent with recognition code (RCADE)		IPR001909;IPR007087;IPR015880;	7633	zinc finger protein 79 [Source:HGNC Symbol;Acc:HGNC:13153]		DBD and Full	not tested			b	Yes	No	Yes	1a1, Direct HQ evidence	Laura Campitelli	Yimeng Yin	Yes	$#ENSG00000196152#GO:0003700#sequence-specific DNA binding transcription factor activity#IBA - GO_REF:0000033	$#ENSP00000362446#ENSG00000196152#ENST00000342483#C2H2 ZF Containing Proteins#$#ENSP00000438418#ENSG00000196152#ENST00000543471#C2H2 ZF Containing Proteins#$#ENSP00000478201#ENSG00000196152#ENST00000612342#C2H2 ZF Containing Proteins#$#ENSP00000484833#ENSG00000196152#ENST00000617266#C2H2 ZF Containing Proteins#	True
ENSG00000180884	ZNF792	C2H2 ZF	Yes	Known motif	Monomer or homomultimer	In vivo/Misc source	Motif obtained from MEME - not supported by recognition code (RCADE) and may be inaccurate or indirect		IPR001909;IPR007087;IPR015880;	126375	zinc finger protein 792 [Source:HGNC Symbol;Acc:HGNC:24751]		Full	not tested			c	Yes	No	Yes	1a1, Direct HQ evidence	Jussi Taipale	Pratyush Das	Yes	$#ENSG00000180884#GO:0003700#sequence-specific DNA binding transcription factor activity#IBA - GO_REF:0000033	$#ENSP00000474130#ENSG00000180884#ENST00000605484#C2H2 ZF Containing Proteins#$#ENSP00000385099#ENSG00000180884#ENST00000404801#C2H2 ZF Containing Proteins#KRAB	True
ENSG00000214029	ZNF891	C2H2 ZF	Yes	Known motif	Monomer or homomultimer	High-throughput in vitro	ChIP-seq motif is consistent with recognition code (RCADE)		IPR001909;IPR007087;IPR015880;	101060200	zinc finger protein 891 [Source:HGNC Symbol;Acc:HGNC:38709]		not tested	not tested			x	Yes	No	No	1a1, Direct HQ evidence	Arttu Jolma	Laura Campitelli	Yes		$#ENSP00000437590#ENSG00000214029#ENST00000537226#C2H2 ZF Containing Proteins#KRAB	True
ENSG00000258873	DUXA	Homeodomain	Yes	Known motif	Monomer or homomultimer	High-throughput in vitro			IPR000047;IPR001356;IPR009057;	503835	double homeobox A [Source:HGNC Symbol;Acc:HGNC:32179]		DBD	Yes			b	Yes	No	No	1a1, Direct HQ evidence	Pratyush Das	Arttu Jolma	Yes		$#ENSP00000452398#ENSG00000258873#ENST00000554048#Homeodomain#	False
ENSG00000173976	RAX2	Homeodomain	Yes	Known motif	Monomer or homomultimer	High-throughput in vitro			IPR001356;IPR009057;IPR017970;	84839	retina and anterior neural fold homeobox 2 [Source:HGNC Symbol;Acc:HGNC:18286]		DBD	not tested			b	Yes	No	No	1a1, Direct HQ evidence	Pratyush Das	Arttu Jolma	Yes		$#ENSP00000450456#ENSG00000173976#ENST00000555633#Homeodomain#$#ENSP00000450687#ENSG00000173976#ENST00000555978#Homeodomain#	False
