Hsa-Mir-8-P2a_pre	NC_000001.11	1167124	1167182	+	CAUCUUACUGGGCAGCAUUGGAUGGAGUCAGGUCUCUAAUACUGCCUGGUAAUGAUGAC	UAAUACUGCCUGGUAAUGAUGAC
Hsa-Mir-8-P1a_pre	NC_000001.11	1167878	1167938	+	CAUCUUACCGGACAGUGCUGGAUUUCCCAGCUUGACUCUAACACUGUCUGGUAACGAUGUU	UAACACUGUCUGGUAACGAUGUU
Hsa-Mir-8-P3a_pre	NC_000001.11	1169020	1169076	+	GUCUUACCAGACAUGGUUAGACCUGGCCCUCUGUCUAAUACUGUCUGGUAAAACCGU	UAAUACUGUCUGGUAAAACCGU
Hsa-Mir-551-P1_pre	NC_000001.11	3560710	3560769	-	GAAAUCCAGAGUGGGUGGGGCCAGUCUGACCGUUUCUAGGCGACCCACUCUUGGUUUCCA	GCGACCCACUCUUGGUUUCCA
Hsa-Mir-34-P1_pre	NC_000001.11	9151692	9151756	-	UGGCAGUGUCUUAGCUGGUUGUUGUGAGCAAUAGUAAGGAAGCAAUCAGCAAGUAUACUGCCCUA	UGGCAGUGUCUUAGCUGGUUGU
Hsa-Mir-552_pre	NC_000001.11	34669613	34669671	-	UGUUUAACCUUUUGCCUGUUGGUUGAAGAUGCCUUUCAACAGGUGACUGGUUAGACAAA	AACAGGUGACUGGUUAGACAAA
Hsa-Mir-5581_pre	NC_000001.11	37500935	37500993	-	GCCUUCCAGGAGAAAUGGAGACCCUAUACAUACCUGUUUCCAUGCCUCCUAGAAGUUCC	UUCCAUGCCUCCUAGAAGUUCC
Hsa-Mir-30-P1b_pre	NC_000001.11	40754371	40754434	+	UGUAAACAUCCUUGACUGGAAGCUGUAAGGUGUUCAGAGGAGCUUUCAGUCGGAUGUUUACAGC	UGUAAACAUCCUUGACUGGAAGCU
Hsa-Mir-30-P2b_pre	NC_000001.11	40757300	40757360	+	UGUAAACAUCCUACACUCUCAGCUGUGAGCUCAAGGUGGCUGGGAGAGGGUUGUUUACUCC	UGUAAACAUCCUACACUCUCAGCU
Hsa-Mir-101-P1-v2_pre	NC_000001.11	65058441	65058499	-	UCAGUUAUCACAGUGCUGAUGCUGUCUAUUCUAAAGGUACAGUACUGUGAUAACUGAAG	UACAGUACUGUGAUAACUGAAG
Hsa-Mir-101-P1-v1_pre	NC_000001.11	65058442	65058498	-	CAGUUAUCACAGUGCUGAUGCUGUCUAUUCUAAAGGUACAGUACUGUGAUAACUGAA	GUACAGUACUGUGAUAACUGAA
Hsa-Mir-186_pre	NC_000001.11	71067642	71067702	-	CAAAGAAUUCUCCUUUUGGGCUUUCUGGUUUUAUUUUAAGCCCAAAGGUGAAUUUUUUGGG	CAAAGAAUUCUCCUUUUGGGCUU
Hsa-Mir-760_pre	NC_000001.11	93846843	93846900	+	CCCCUCAGUCCACCAGAGCCCGGAUACCUCAGAAAUUCGGCUCUGGGUCUGUGGGGAG	CGGCUCUGGGUCUGUGGGGAG
Hsa-Mir-137-P1-v2_pre	NC_000001.11	98046090	98046149	-	ACGGGUAUUCUUGGGUGGAUAAUACGGAUUACGUUGUUAUUGCUUAAGAAUACGCGUAGU	UAUUGCUUAAGAAUACGCGUAGU
Hsa-Mir-137-P1-v1_pre	NC_000001.11	98046091	98046149	-	ACGGGUAUUCUUGGGUGGAUAAUACGGAUUACGUUGUUAUUGCUUAAGAAUACGCGUAG	UUAUUGCUUAAGAAUACGCGUAG
Hsa-Mir-197_pre	NC_000001.11	109598901	109598961	+	CGGGUAGAGAGGGCAGUGGGAGGUAAGAGCUCUUCACCCUUCACCACCUUCUCCACCCAGC	UUCACCACCUUCUCCACCCAGC
Hsa-Mir-190-P2_pre	NC_000001.11	154193674	154193733	-	UGAUAUGUUUGAUAUUGGGUUGUUUAAUUAGGAACCAACUAAAUGUCAAACAUAUUCUUA	UGAUAUGUUUGAUAUUGGGUUG
Hsa-Mir-92-P1c_pre	NC_000001.11	155195196	155195258	+	AGGGACGGGACGCGGUGCAGUGUUGUUUUUUCCCCCGCCAAUAUUGCACUCGUCCCGGCCUCC	UAUUGCACUCGUCCCGGCCUCC
Hsa-Mir-9-P1_pre	NC_000001.11	156420354	156420414	-	UCUUUGGUUAUCUAGCUGUAUGAGUGGUGUGGAGUCUUCAUAAAGCUAGAUAACCGAAAGU	UCUUUGGUUAUCUAGCUGUAUGA
Hsa-Mir-556_pre	NC_000001.11	162342561	162342620	+	GAUGAGCUCAUUGUAAUAUGAGCUUCAUUUAUACAUUUCAUAUUACCAUUAGCUCAUCUU	AUAUUACCAUUAGCUCAUCUU
Hsa-Mir-1295_pre	NC_000001.11	171101737	171101797	-	UGCCCAGAUCCGUGGCCUAUUCAGAAAUGUGGCCUGUGAUUAGGCCGCAGAUCUGGGUGAA	UUAGGCCGCAGAUCUGGGUGAA
Hsa-Mir-214-v1_pre	NC_000001.11	172138816	172138878	-	UGCCUGUCUACACUUGCUGUGCAGAACAUCCGCUCACCUGUACAGCAGGCACAGACAGGCAGU	ACAGCAGGCACAGACAGGCAGU
Hsa-Mir-214-v2_pre	NC_000001.11	172138816	172138878	-	UGCCUGUCUACACUUGCUGUGCAGAACAUCCGCUCACCUGUACAGCAGGCACAGACAGGCAGU	UACAGCAGGCACAGACAGGCAGU
Hsa-Mir-199-P3-v1_pre	NC_000001.11	172144554	172144614	-	CCCAGUGUUCAGACUACCUGUUCAGGACAAUGCCGUUGUACAGUAGUCUGCACAUUGGUUA	ACAGUAGUCUGCACAUUGGUUA
Hsa-Mir-199-P3-v2_pre	NC_000001.11	172144554	172144614	-	CCCAGUGUUCAGACUACCUGUUCAGGACAAUGCCGUUGUACAGUAGUCUGCACAUUGGUUA	UACAGUAGUCUGCACAUUGGUUA
Hsa-Mir-199-P3-v3_pre	NC_000001.11	172144554	172144614	-	CCCAGUGUUCAGACUACCUGUUCAGGACAAUGCCGUUGUACAGUAGUCUGCACAUUGGUUA	CAGUAGUCUGCACAUUGGUUA
Hsa-Mir-488_pre	NC_000001.11	177029374	177029432	-	CCCAGAUAAUGGCACUCUCAAACAAGUUUCCAAAUUGUUUGAAAGGCUAUUUCUUGGUC	UUGAAAGGCUAUUUCUUGGUC
Hsa-Mir-4424_pre	NC_000001.11	178677763	178677822	+	AGAGUUAACUCAAAAUGGACUAAUUUUUCCACUAGUUAGUCCAUUUCAAGUUAACUCUGU	GUCCAUUUCAAGUUAACUCUGU
Hsa-Mir-1278_pre	NC_000001.11	193136513	193136573	+	AGAUGAUAUGCAUAGUACUCCCAGAACUCAUUAAGUUGGUAGUACUGUGCAUAUCAUCUAU	UAGUACUGUGCAUAUCAUCUAU
Hsa-Mir-181-P2a_pre	NC_000001.11	198858887	198858947	-	AACAUUCAUUGCUGUCGGUGGGUUGAACUGUGUGGACAAGCUCACUGAACAAUGAAUGCAA	AACAUUCAUUGCUGUCGGUGGGUU
Hsa-Mir-181-P1a_pre	NC_000001.11	198859069	198859130	-	AACAUUCAACGCUGUCGGUGAGUUUGGAAUUAAAAUCAAAACCAUCGACCGUUGAUUGUACC	AACAUUCAACGCUGUCGGUGAGU
Hsa-Mir-135-P3_pre	NC_000001.11	205448323	205448383	-	UAUGGCUUUUCAUUCCUAUGUGAUUGCUGUCCCAAACUCAUGUAGGGCUAAAAGCCAUGGG	UAUGGCUUUUCAUUCCUAUGUGA
Hsa-Mir-29-P1b_pre	NC_000001.11	207801865	207801922	-	ACCGAUUUCUCCUGGUGUUCAGAGUCUGUUUUUGUCUAGCACCAUUUGAAAUCGGUUA	UAGCACCAUUUGAAAUCGGUUA
Hsa-Mir-29-P2b-v1_pre	NC_000001.11	207802450	207802513	-	CUGGUUUCACAUGGUGGCUUAGAUUUUUCCAUCUUUGUAUCUAGCACCAUUUGAAAUCAGUGUU	UAGCACCAUUUGAAAUCAGUGUU
Hsa-Mir-29-P2b-v2_pre	NC_000001.11	207802451	207802512	-	UGGUUUCACAUGGUGGCUUAGAUUUUUCCAUCUUUGUAUCUAGCACCAUUUGAAAUCAGUGU	CUAGCACCAUUUGAAAUCAGUGU
Hsa-Mir-205-P1_pre	NC_000001.11	209432166	209432224	+	UCCUUCAUUCCACCGGAGUCUGUCUCAUACCCAACCAGAUUUCAGUGGAGUGAAGUUCA	UCCUUCAUUCCACCGGAGUCUGU
Hsa-Mir-192-P2_pre	NC_000001.11	220117877	220117936	-	AUGACCUAUGAAUUGACAGACAAUAUAGCUGAGUUUGUCUGUCAUUUCUUUAGGCCAAUA	AUGACCUAUGAAUUGACAGACA
Hsa-Mir-194-P2_pre	NC_000001.11	220118170	220118227	-	UGUAACAGCAACUCCAUGUGGACUGUGUACCAAUUUCCAGUGGAGAUGCUGUUACUUU	UGUAACAGCAACUCCAUGUGGA
Hsa-Mir-4677_pre	NC_000001.11	243346188	243346246	+	UUGUUCUUUGGUCUUUCAGCCAUGACCUGACCUUCUGUCUGUGAGACCAAAGAACUACU	UCUGUGAGACCAAAGAACUACU
Hsa-Mir-511_pre	NC_000010.11	17845121	17845181	+	CGUGUCUUUUGCUCUGCAGUCAGUAAAUAUUUUUUUGUGAAUGUGUAGCAAAAGACAGAAU	AAUGUGUAGCAAAAGACAGAAU
Hsa-Mir-3611_pre	NC_000010.11	35079608	35079668	-	AAGAAUUUCUUUUUCUUCACAAUUAUGAAAGAAAAGAAAUUGUGAAGAAAGAAAUUCUUAC	UUGUGAAGAAAGAAAUUCUUAC
Hsa-Mir-605-v2_pre	NC_000010.11	51299587	51299645	+	CUAAAUCCCAUGGUGCCUUCUCCUUGGGAAAAACAGAGAAGGCACUAUGAGAUUUAGAA	GAAGGCACUAUGAGAUUUAGAA
Hsa-Mir-605-v1_pre	NC_000010.11	51299588	51299644	+	UAAAUCCCAUGGUGCCUUCUCCUUGGGAAAAACAGAGAAGGCACUAUGAGAUUUAGA	AGAAGGCACUAUGAGAUUUAGA
Hsa-Mir-3924_pre	NC_000010.11	57304489	57304547	-	UAGUAGUCAAAUAUGCAGAUCUAUGUCAUAUAUACAGAUAUGUAUAUGUGACUGCUACU	AUAUGUAUAUGUGACUGCUACU
Hsa-Mir-1296_pre	NC_000010.11	63372969	63373033	-	UUAGGGCCCUGGCUCCAUCUCCUUUAGGAAAACCUUCUGUGGGGAGUGGGGCUUCGACCCUAACC	UUAGGGCCCUGGCUCCAUCUCC
Hsa-Mir-7151_pre	NC_000010.11	67403351	67403410	-	GAUCCAUCUCUGCCUGUAUUGGCUUGGAUUCUGCAAAGCCUACAGGCUGGAAUGGGCUCA	CCUACAGGCUGGAAUGGGCUCA
Hsa-Mir-346_pre	NC_000010.11	86264710	86264769	-	UGUCUGCCCGCAUGCCUGCCUCUCUGUUGCUCUGAAGGAGGCAGGGGCUGGGCCUGCAGC	UGUCUGCCCGCAUGCCUGCCUCU
Hsa-Mir-103-P3_pre	NC_000010.11	89592756	89592815	-	AGCUUCUUUACAGUGUUGCCUUGUGGCAUGGAGUUCAAGCAGCAUUGUACAGGGCUAUCA	AGCAGCAUUGUACAGGGCUAUCA
Hsa-Mir-3085_pre	NC_000010.11	97875824	97875884	-	AGGUGCCAUUCUGAGGGCCAGGAGUUUGAUUAUGUGUCACUCUGGCUGCUAUGGCCCCCUC	UCUGGCUGCUAUGGCCCCCUC
Hsa-Mir-1287_pre	NC_000010.11	98395232	98395292	-	UGCUGGAUCAGUGGUUCGAGUCUGAGCCUUUAAAAGCCACUCUAGCCACAGAUGCAGUGAU	UGCUGGAUCAGUGGUUCGAGUC
Hsa-Mir-146-P2_pre	NC_000010.11	102436520	102436578	+	UGAGAACUGAAUUCCAUAGGCUGUGAGCUCUAGCAAUGCCCUGUGGACUCAGUUCUGGU	UGAGAACUGAAUUCCAUAGGCUGU
Hsa-Mir-1307_pre	NC_000010.11	103394300	103394361	-	UCGACCGGACCUCGACCGGCUCGUCUGUGUUGCCAAUCGACUCGGCGUGGCGUCGGUCGUGG	ACUCGGCGUGGCGUCGGUCGUGG
Hsa-Mir-6715_pre	NC_000010.11	112299624	112299680	+	ACAGGCACAGCCGGUUUGAGCAUUUUUACUGAAUUGCCAAACCAGUCGUGCCUGUGG	CCAAACCAGUCGUGCCUGUGG
Hsa-Mir-9851_pre	NC_000010.11	116827499	116827555	-	CGCUGGCAGUGUUGGUGACACUCACGUGGUGGUGGUGGCACCAGCACUGGCGGUGUC	UGGCACCAGCACUGGCGGUGUC
Hsa-Mir-3663_pre	NC_000010.11	117167695	117167754	-	GCUGGUCUGCGUGGUGCUCGGGUGGAUAAGUCUGAUCUGAGCACCACACAGGCCGGGCGC	UGAGCACCACACAGGCCGGGCGC
Hsa-Mir-202_pre	NC_000010.11	133247536	133247593	-	UUCCUAUGCAUAUACUUCUUUGAGGAUCUGGCCUAAAGAGGUAUAGGGCAUGGGAAAA	AGAGGUAUAGGGCAUGGGAAAA
Hsa-Mir-3944_pre	NC_000010.11	133371579	133371641	-	UGUGCAGCAGGCCAACCGAGAAGCGCCUGCGUCUCCCAUUUUCGGGCUGGCCUGCUGCUCCGG	UUCGGGCUGGCCUGCUGCUCCGG
Hsa-Mir-210_pre	NC_000011.10	568112	568171	-	AGCCCCUGCCCACCGCACACUGCGCUGCCCCAGACCCACUGUGCGUGUGACAGCGGCUGA	CUGUGCGUGUGACAGCGGCUGA
Hsa-Mir-675_pre	NC_000011.10	1996766	1996822	-	UGGUGCGGAGAGGGCCCACAGUGGACUUGGUGACGCUGUAUGCCCUCACCGCUCAGC	CUGUAUGCCCUCACCGCUCAGC
Hsa-Mir-483_pre	NC_000011.10	2134140	2134202	-	AAGACGGGAGGAAAGAAGGGAGUGGUUCCAUCACGCCUCCUCACUCCUCUCCUCCCGUCUUCU	AAGACGGGAGGAAAGAAGGGAG
Hsa-Mir-1343_pre	NC_000011.10	34941851	34941909	+	UGGGGAGCGGCCCCCGGGUGGGCCUCUGCUCUGGCCCCUCCUGGGGCCCGCACUCUCGC	CUCCUGGGGCCCGCACUCUCGC
Hsa-Mir-670_pre	NC_000011.10	43559675	43559738	+	GUCCCUGAGUGUAUGUGGUGAACCUGAAUUUGCCUUGGGUUUCCUCAUAUUCAUUCAGGAGUGU	UUUCCUCAUAUUCAUUCAGGAGUGU
Hsa-Mir-129-P2_pre	NC_000011.10	43581408	43581471	+	CUUUUUGCGGUCUGGGCUUGCUGUACAUAACUCAAUAGCCGGAAGCCCUUACCCCAAAAAGCAU	CUUUUUGCGGUCUGGGCUUGC
Hsa-Mir-130-P1a_pre	NC_000011.10	57641212	57641273	+	GCUCUUUUCACAUUGUGCUACUGUCUGCACCUGUCACUAGCAGUGCAAUGUUAAAAGGGCAU	CAGUGCAAUGUUAAAAGGGCAU
Hsa-Mir-1908_pre	NC_000011.10	61815172	61815229	-	CGGCGGGGACGGCGAUUGGUCCGUAUGUGUGGUGCCACCGGCCGCCGGCUCCGCCCCG	CGGCGGGGACGGCGAUUGGUC
Hsa-Mir-192-P1_pre	NC_000011.10	64891159	64891223	-	CUGACCUAUGAAUUGACAGCCAGUGCUCUCGUCUCCCCUCUGGCUGCCAAUUCCAUAGGUCACAG	CUGACCUAUGAAUUGACAGCC
Hsa-Mir-194-P1_pre	NC_000011.10	64891368	64891425	-	UGUAACAGCAACUCCAUGUGGAAGUGCCCACUGGUUCCAGUGGGGCUGCUGUUAUCUG	UGUAACAGCAACUCCAUGUGGAA
Hsa-Mir-139_pre	NC_000011.10	72615066	72615124	-	UCUACAGUGCACGUGUCUCCAGUGUGGCUCGGAGGCUGGAGACGCGGCCCUGUUGGAGU	UGGAGACGCGGCCCUGUUGGAGU
Hsa-Mir-326_pre	NC_000011.10	75335108	75335167	-	GGAGGCAGGGCCUUUGUGAAGGCGGGUGGUGCUCAGAUCGCCUCUGGGCCCUUCCUCCAG	CCUCUGGGCCCUUCCUCCAG
Hsa-Mir-28-P3_pre	NC_000011.10	79402031	79402099	-	AAGGAGCUUACAAUCUAGCUGGGGGUAAAUGACUUGCACAUGAACACAACUAGACUGUGAGCUUCUAGA	AAGGAGCUUACAAUCUAGCUGGG
Hsa-Mir-5579_pre	NC_000011.10	79422169	79422226	-	UAUGGUACUCCUUAAGCUAACAGGCCCCUGUCACCAUUAGCUUAAGGAGUACCAGAUC	UUAGCUUAAGGAGUACCAGAUC
Hsa-Mir-34-P2a_pre	NC_000011.10	111512951	111513009	+	AGGCAGUGUCAUUAGCUGAUUGUACUGUGGUGGUUACAAUCACUAACUCCACUGCCAUC	AGGCAGUGUCAUUAGCUGAUUGU
Hsa-Mir-34-P2b_pre	NC_000011.10	111513451	111513505	+	AGGCAGUGUAGUUAGCUGAUUGCUAAUAGUACCAAUCACUAACCACACGGCCAGG	AGGCAGUGUAGUUAGCUGAUUGC
Hsa-Mir-10-P3a_pre	NC_000011.10	122099769	122099830	-	UCCCUGAGACCCUAACUUGUGAUGUUUACCGUUUAAAUCCACGGGUUAGGCUCUUGGGAGCU	UCCCUGAGACCCUAACUUGUGA
Hsa-Let-7-P1a_pre	NC_000011.10	122146523	122146589	-	UGAGGUAGUAGGUUGUAUAGUUUAGAAUUACAUCAAGGGAGAUAACUGUACAGCCUCCUAGCUUUCC	UGAGGUAGUAGGUUGUAUAGUU
Hsa-Mir-10-P2a_pre	NC_000011.10	122152240	122152296	-	AACCCGUAGAUCCGAACUUGUGGUAUUAGUCCGCACAAGCUUGUAUCUAUAGGUAUG	AACCCGUAGAUCCGAACUUGUG
Hsa-Mir-8-P2b_pre	NC_000012.12	6963703	6963764	+	CGUCUUACCCAGCAGUGUUUGGGUGCGGUUGGGAGUCUCUAAUACUGCCGGGUAAUGAUGGA	UAAUACUGCCGGGUAAUGAUGGA
Hsa-Mir-8-P1b_pre	NC_000012.12	6964113	6964177	+	CAUCUUCCAGUACAGUGUUGGAUGGUCUAAUUGUGAAGCUCCUAACACUGUCUGGUAAAGAUGGC	UAACACUGUCUGGUAAAGAUGGC
Hsa-Mir-196-P2_pre	NC_000012.12	53991762	53991820	+	UAGGUAGUUUCAUGUUGUUGGGAUUGAGUUUUGAACUCGGCAACAAGAAACUGCCUGAG	UAGGUAGUUUCAUGUUGUUGGGA
Hsa-Mir-615_pre	NC_000012.12	54033967	54034030	+	GGGGGUCCCCGGUGCUCGGAUCUCGAGGGUGCUUAUUGUUCGGUCCGAGCCUGGGUCUCCCUCU	UCCGAGCCUGGGUCUCCCUCU
Hsa-Mir-148-P3_pre	NC_000012.12	54337239	54337299	+	GAAGUUCUGUUAUACACUCAGGCUGUGGCUCUCUGAAAGUCAGUGCAUCACAGAACUUUGU	UCAGUGCAUCACAGAACUUUGU
Hsa-Mir-616_pre	NC_000012.12	57519183	57519244	-	ACUCAAAACCCUUCAGUGACUUCCAUGACAUGAAAUAGGAAGUCAUUGGAGGGUUUGAGCAG	ACUCAAAACCCUUCAGUGACUUCC
Hsa-Mir-26-P2_pre	NC_000012.12	57824620	57824679	-	UUCAAGUAAUCCAGGAUAGGCUGUUUCCAUCUGUGAGGCCUAUUCUUGAUUACUUGUUUC	UUCAAGUAAUCCAGGAUAGGCU
Hsa-Let-7-P2c2_pre	NC_000012.12	62603691	62603767	+	UGAGGUAGUAGUUUGUGCUGUUGGUCGGGUUGUGACAUUGCCCGCUGUGGAGAUAACUGCGCAAGCUACUGCCUUGC	UGAGGUAGUAGUUUGUGCUGUU
Hsa-Mir-1252_pre	NC_000012.12	79419261	79419319	+	AGAAGGAAAUUGAAUUCAUUUAGAAAAGAGAAUUCCAAAUGAGCUUAAUUUCCUUUUUU	AGAAGGAAAUUGAAUUCAUUUA
Hsa-Mir-3059_pre	NC_000012.12	86745079	86745136	-	UUUCCUCUCUGCCCCAUAGGGUGUAGCUCUAACUACCCUCUAGGGAAGAGAAGGUUGG	UUUCCUCUCUGCCCCAUAGGGU
Hsa-Mir-331_pre	NC_000012.12	95308445	95308500	+	CUAGGUAUGGUCCCAGGGAUCCCAGAUCAAACCAGGCCCCUGGGCCUAUCCUAGAA	GCCCCUGGGCCUAUCCUAGAA
Hsa-Mir-1251_pre	NC_000012.12	97491913	97491971	+	ACUCUAGCUGCCAAAGGCGCUUCUCCUUCUGAACAGAGCGCUUUGCUCAGCCAGUGUAG	ACUCUAGCUGCCAAAGGCGCU
Hsa-Mir-135-P2_pre	NC_000012.12	97563834	97563893	+	UAUGGCUUUUUAUUCCUAUGUGAUAGUAAUAAAGUCUCAUGUAGGGAUGGAAGCCAUGAA	UAUGGCUUUUUAUUCCUAUGUGA
Hsa-Mir-2276_pre	NC_000013.11	24162431	24162490	+	GCCCUCUGUCACCUUGCAGACGGCUUUCUCUCCGAAUGUCUGCAAGUGUCAGAGGCGAGG	UCUGCAAGUGUCAGAGGCGAGG
Hsa-Mir-3613_pre	NC_000013.11	49996428	49996486	-	UGUUGUACUUUUUUUUUUGUUCGUUGCAUUUUUAGGAACAAAAAAAAAAGCCCAACCCU	UGUUGUACUUUUUUUUUUGUUC
Hsa-Mir-15-P2a_pre	NC_000013.11	50048984	50049048	-	UAGCAGCACGUAAAUAUUGGCGUUAAGAUUCUAAAAUUAUCUCCAGUAUUAACUGUGCUGCUGAA	UAGCAGCACGUAAAUAUUGGCG
Hsa-Mir-15-P1a_pre	NC_000013.11	50049130	50049188	-	UAGCAGCACAUAAUGGUUUGUGGAUUUUGAAAAGGUGCAGGCCAUAUUGUGCUGCCUCA	UAGCAGCACAUAAUGGUUUGUG
Hsa-Mir-17-P1a_pre	NC_000013.11	91350618	91350677	+	CAAAGUGCUUACAGUGCAGGUAGUGAUAUGUGCAUCUACUGCAGUGAAGGCACUUGUAGC	CAAAGUGCUUACAGUGCAGGUAG
Hsa-Mir-17-P2a_pre	NC_000013.11	91350756	91350819	+	UAAGGUGCAUCUAGUGCAGAUAGUGAAGUAGAUUAGCAUCUACUGCCCUAAGUGCUCCUUCUGG	UAAGGUGCAUCUAGUGCAGAUAG
Hsa-Mir-19-P1_pre	NC_000013.11	91350904	91350961	+	AGUUUUGCAUAGUUGCACUACAAGAAGAAUGUAGUUGUGCAAAUCUAUGCAAAACUGA	UGUGCAAAUCUAUGCAAAACUGA
Hsa-Mir-17-P3a_pre	NC_000013.11	91351072	91351130	+	UAAAGUGCUUAUAGUGCAGGUAGUGUUUAGUUAUCUACUGCAUUAUGAGCACUUAAAGU	UAAAGUGCUUAUAGUGCAGGUAG
Hsa-Mir-19-P2a_pre	NC_000013.11	91351207	91351267	+	AGUUUUGCAGGUUUGCAUCCAGCUGUGUGAUAUUCUGCUGUGCAAAUCCAUGCAAAACUGA	UGUGCAAAUCCAUGCAAAACUGA
Hsa-Mir-92-P1a_pre	NC_000013.11	91351324	91351382	+	AGGUUGGGAUCGGUUGCAAUGCUGUGUUUCUGUAUGGUAUUGCACUUGUCCCGGCCUGU	UAUUGCACUUGUCCCGGCCUGU
Hsa-Mir-208-P1_pre	NC_000014.9	23388602	23388658	-	GAGCUUUUGGCCCGGGUUAUACCUGAUGCUCACGUAUAAGACGAGCAAAAAGCUUGU	AUAAGACGAGCAAAAAGCUUGU
Hsa-Mir-208-P2_pre	NC_000014.9	23417997	23418053	-	AAGCUUUUUGCUCGAAUUAUGUUUCUGAUCCGAAUAUAAGACGAACAAAAGGUUUGU	AUAAGACGAACAAAAGGUUUGU
Hsa-Mir-624_pre	NC_000014.9	31014670	31014727	-	UAGUACCAGUACCUUGUGUUCAGUGGAACCAAGGUAAACACAAGGUAUUGGUAUUACC	UAGUACCAGUACCUUGUGUUCA
Hsa-Mir-5586_pre	NC_000014.9	59646962	59647021	-	UUAUCCAGCUUGUUACUAUAUGCUUUUUAAAUGGGGCACAGAGUGACAAGCUGGUUAAAG	UUAUCCAGCUUGUUACUAUAUG
Hsa-Mir-3173_pre	NC_000014.9	95137922	95137982	-	UGCCCUGCCUGUUUUCUCCUUUGUGAUUUUAUGAGAACAAAGGAGGAAAUAGGCAGGCCAG	UGCCCUGCCUGUUUUCUCCUUUG
Hsa-Mir-342_pre	NC_000014.9	100109673	100109739	+	AGGGGUGCUAUCUGUGAUUGAGGGACAUGGUUAAUGGAAUUGUCUCACACAGAAAUCGCACCCGUCA	UCUCACACAGAAAUCGCACCCGUCA
Hsa-Mir-345_pre	NC_000014.9	100307876	100307933	+	GCUGACUCCUAGUCCAGGGCUCGUGAUGGCUGGUGGGCCCUGAACGAGGGGUCUGGAG	GCUGACUCCUAGUCCAGGGCUC
Hsa-Mir-770_pre	NC_000014.9	100852409	100852470	+	UCCAGUACCACGUGUCAGGGCCACAUGAGCUGGGCCUCGUGGGCCUGAUGUGGUGCUGGGGC	UCCAGUACCACGUGUCAGGGCCACA
Hsa-Mir-493_pre	NC_000014.9	100869075	100869136	+	UUGUACAUGGUAGGCUUUCAUUCAUUCGUUUGCACAUUCGGUGAAGGUCUACUGUGUGCCAG	UUGUACAUGGUAGGCUUUCAUU
Hsa-Mir-337-as_pre	NC_000014.9	100874513	100874572	-	AGAAAGGCAUCAUAUAGGAGCUGGAUAACUGUGCAUCAACUCCUGUAUGAAGCCGUUCCC	ACUCCUGUAUGAAGCCGUUCCC
Hsa-Mir-337-v1_pre	NC_000014.9	100874515	100874574	+	GAACGGCUUCAUACAGGAGUUGAUGCACAGUUAUCCAGCUCCUAUAUGAUGCCUUUCUUC	UCCUAUAUGAUGCCUUUCUUC
Hsa-Mir-337-v2_pre	NC_000014.9	100874515	100874574	+	GAACGGCUUCAUACAGGAGUUGAUGCACAGUUAUCCAGCUCCUAUAUGAUGCCUUUCUUC	CUCCUAUAUGAUGCCUUUCUUC
Hsa-Mir-431_pre	NC_000014.9	100881026	100881090	+	UGUCUUGCAGGCCGUCAUGCAGGCCACACUGACGGUAACGUUGCAGGUCGUCUUGCAGGGCUUCU	UGUCUUGCAGGCCGUCAUGCA
Hsa-Mir-433_pre	NC_000014.9	100881897	100881970	+	UACGGUGAGCCUGUCAUUAUUCAGAGAGGCUAGAUCCUCUGUGUUGAGAAGGAUCAUGAUGGGCUCCUCGGUGU	AUCAUGAUGGGCUCCUCGGUGU
Hsa-Mir-127_pre	NC_000014.9	100883001	100883056	+	CUGAAGCUCAGAGGGCUCUGAUUCAGAAAGAUCAUCGGAUCCGUCUGAGCUUGGCU	UCGGAUCCGUCUGAGCUUGGCU
Hsa-Mir-432_pre	NC_000014.9	100884496	100884564	+	UCUUGGAGUAGGUCAUUGGGUGGAUCCUCUAUUUCCUUACGUGGGCCACUGGAUGGCUCCUCCAUGUCU	UCUUGGAGUAGGUCAUUGGGUGG
Hsa-Mir-136-v1_pre	NC_000014.9	100884716	100884771	+	ACUCCAUUUGUUUUGAUGAUGGAUUCUUAUGCUCCAUCAUCGUCUCAAAUGAGUCU	CAUCAUCGUCUCAAAUGAGUCU
Hsa-Mir-136-v2_pre	NC_000014.9	100884716	100884771	+	ACUCCAUUUGUUUUGAUGAUGGAUUCUUAUGCUCCAUCAUCGUCUCAAAUGAGUCU	AUCAUCGUCUCAAAUGAGUCU
Hsa-Mir-370_pre	NC_000014.9	100911151	100911207	+	CAGGUCACGUCUCUGCAGUUACACAGCUCACGAGUGCCUGCUGGGGUGGAACCUGGU	GCCUGCUGGGGUGGAACCUGGU
Hsa-Mir-154-P7_pre	NC_000014.9	101022071	101022129	+	UGGUAGACUAUGGAACGUAGGCGUUAUGAUUUCUGACCUAUGUAACAUGGUCCACUAAC	UGGUAGACUAUGGAACGUAGG
Hsa-Mir-154-P13_pre	NC_000014.9	101023340	101023395	+	UAGUAGACCGUAUAGCGUACGCUUUAUCUGUGACGUAUGUAACACGGUCCACUAAC	UAGUAGACCGUAUAGCGUACG
Hsa-Mir-154-P2-v1_pre	NC_000014.9	101023799	101023853	+	AUGGUUUACCGUCCCACAUACAUUUUGAAUAUGUAUGUGGGAUGGUAAACCGCUU	UAUGUGGGAUGGUAAACCGCUU
Hsa-Mir-154-P2-v2_pre	NC_000014.9	101023800	101023852	+	UGGUUUACCGUCCCACAUACAUUUUGAAUAUGUAUGUGGGAUGGUAAACCGCU	UGGUUUACCGUCCCACAUACAU
Hsa-Mir-154-P8_pre	NC_000014.9	101025020	101025076	+	AUGGUUGACCAUAGAACAUGCGCUAUCUCUGUGUCGUAUGUAAUAUGGUCCACAUCU	UAUGUAAUAUGGUCCACAUCU
Hsa-Mir-154-P30_pre	NC_000014.9	101025585	101025640	+	CGGUUGACCAUGGUGUGUACGCUUUAUUUGUGACGUAGGACACAUGGUCUACUUCU	UAGGACACAUGGUCUACUUCU
Hsa-Mir-154-P3a-v1_pre	NC_000014.9	101025747	101025802	+	AGGUGGUCCGUGGCGCGUUCGCUUUAUUUAUGGCGCACAUUACACGGUCGACCUCU	CACAUUACACGGUCGACCUCU
Hsa-Mir-154-P3a-v2_pre	NC_000014.9	101025747	101025802	+	AGGUGGUCCGUGGCGCGUUCGCUUUAUUUAUGGCGCACAUUACACGGUCGACCUCU	GCACAUUACACGGUCGACCUCU
Hsa-Mir-154-P26_pre	NC_000014.9	101026035	101026092	+	AUGGUUGACCAGAGAGCACACGCUUUAUUUGUGCCGUUUGUGACCUGGUCCACUAACC	UUUGUGACCUGGUCCACUAACC
Hsa-Mir-154-P4a_pre	NC_000014.9	101026796	101026855	+	AGAGGUUUUCUGGGUUUCUGUUUCUUUAAUGAGGACGAAACACACCUGGUUAACCUCUUU	AACACACCUGGUUAACCUCUUU
Hsa-Mir-154-P4b_pre	NC_000014.9	101027113	101027172	+	AGAGGUUUUCUGGGUUUCUGUUUCUUUAUUGAGGACGAAACACACCUGGUUAACCUCUUU	AACACACCUGGUUAACCUCUUU
Hsa-Mir-154-P18_pre	NC_000014.9	101029648	101029703	+	AGGUUGUCCGUGUUGUCUUCUCUUUAUUUAUGAUGAAACAUACACGGGAAACCUCU	UGAAACAUACACGGGAAACCUCU
Hsa-Mir-154-P29_pre	NC_000014.9	101030064	101030120	+	AUGGUAGACCGGUGACGUGCACUUCAUUUACGAUGUAGGUCACCCGUUUGACUAUCC	UAGGUCACCCGUUUGACUAUCC
Hsa-Mir-154-P22_pre	NC_000014.9	101031997	101032054	+	GAAGUUGCCCGUGUUUUUUUCGCUUUAUUUGUGACGAAACAUUCGCGGUGCACUUCUU	AAACAUUCGCGGUGCACUUCUU
Hsa-Mir-154-P19_pre	NC_000014.9	101033768	101033825	+	GAAGUUGCCCAUGUUAUUUUCGCUUUAUAUGUGACGAAACAAACAUGGUGCACUUCUU	AAACAAACAUGGUGCACUUCUU
Hsa-Mir-376-P4_pre	NC_000014.9	101039695	101039752	+	GUGGAUAUUCCUUCUAUGUUUAUGUUAUUUAUGGUUAAACAUAGAGGAAAUUCCACGU	AACAUAGAGGAAAUUCCACGU
Hsa-Mir-376-P2_pre	NC_000014.9	101040081	101040138	+	GUAGAUUUUCCUUCUAUGGUUACGUGUUUGAUGGUUAAUCAUAGAGGAAAAUCCACGU	AUCAUAGAGGAAAAUCCACGU
Hsa-Mir-154-P23_pre	NC_000014.9	101040234	101040289	+	UGGUGGGCCGCAGAACAUGUGCUGAGUUCGUGCCAUAUGUCUGCUGACCAUCACCU	UAUGUCUGCUGACCAUCACCU
Hsa-Mir-376-P3_pre	NC_000014.9	101040460	101040517	+	GUGGAUAUUCCUUCUAUGUUUACGUGAUUCCUGGUUAAUCAUAGAGGAAAAUCCAUGU	AUCAUAGAGGAAAAUCCAUGU
Hsa-Mir-376-P1_pre	NC_000014.9	101040788	101040845	+	GUAGAUUCUCCUUCUAUGAGUACAUUAUUUAUGAUUAAUCAUAGAGGAAAAUCCACGU	AUCAUAGAGGAAAAUCCACGU
Hsa-Mir-154-P28a_pre	NC_000014.9	101042991	101043050	+	AGAGGAUACCCUUUGUAUGUUCACUUGAUUAAUGGCGAAUAUACAGGGGGAGACUCUUAU	AUAUACAGGGGGAGACUCUUAU
Hsa-Mir-154-P28b_pre	NC_000014.9	101044212	101044271	+	AGAGGAUACCCUUUGUAUGUUCACUUGAUUAAUGGCGAAUAUACAGGGGGAGACUCUCAU	AUAUACAGGGGGAGACUCUCAU
Hsa-Mir-154-P9_pre	NC_000014.9	101045927	101045989	+	AGCGAGGUUGCCCUUUGUAUAUUCGGUUUAUUGACAUGGAAUAUACAAGGGCAAGCUCUCUGU	UAUACAAGGGCAAGCUCUCUGU
Hsa-Mir-154-P17_pre	NC_000014.9	101046469	101046526	+	GUGGUUAUCCCUGUCCUGUUCGUUUUGCUCAUGUCGAAUCGUACAGGGUCAUCCACUU	AAUCGUACAGGGUCAUCCACUU
Hsa-Mir-154-P21_pre	NC_000014.9	101047329	101047392	+	GGAGAAAUUAUCCUUGGUGUGUUCGCUUUAUUUAUGAUGAAUCAUACAAGGACAAUUUCUUUUU	AUCAUACAAGGACAAUUUCUUUUU
Hsa-Mir-154-P27_pre	NC_000014.9	101047911	101047969	+	AAUGGCUGUCCGUAGUAUGGUCUCUAUAUUUAUGAUGAUUAAUAUCGGACAACCAUUGU	UUAAUAUCGGACAACCAUUGU
Hsa-Mir-544_pre	NC_000014.9	101048676	101048732	+	UCUUGUUAAAAAGCAGAUUCUGAUUCAGGGACCAAGAUUCUGCAUUUUUAGCAAGUU	UCUUGUUAAAAAGCAGAUUCU
Hsa-Mir-154-P24_pre	NC_000014.9	101049572	101049631	+	AGAGGUUAUCCGUGUUAUGUUCGCUUCAUUCAUCAUGAAUAAUACAUGGUUAACCUCUUU	AUAAUACAUGGUUAACCUCUUU
Hsa-Mir-154-P16_pre	NC_000014.9	101052458	101052515	+	GUGGUUAUCCCUGCUGUGUUCGCUUAAUUUAUGACGAAUCAUACAGGGACAUCCAGUU	AAUCAUACAGGGACAUCCAGUU
Hsa-Mir-154-P10_pre	NC_000014.9	101054316	101054373	+	GAAGUUGUUCGUGGUGGAUUCGCUUUACUUAUGACGAAUCAUUCACGGACAACACUUU	AAUCAUUCACGGACAACACUUU
Hsa-Mir-134_pre	NC_000014.9	101054694	101054754	+	UGUGACUGGUUGACCAGAGGGGCAUGCACUGUGUUCACCCUGUGGGCCACCUAGUCACCAA	UGUGACUGGUUGACCAGAGGGG
Hsa-Mir-154-P15_pre	NC_000014.9	101055427	101055485	+	AGAGGCUGGCCGUGAUGAAUUCGAUUCAUCAAAGCGAGUCAUACACGGCUCUCCUCUCU	AGAGGCUGGCCGUGAUGAAUUCG
Hsa-Mir-154-P3b_pre	NC_000014.9	101056233	101056289	+	AGGUUGUCCGUGGUGAGUUCGCAUUAUUUAAUGAUGCCCAAUACACGGUCGACCUCU	CCCAAUACACGGUCGACCUCU
Hsa-Mir-154-P1_pre	NC_000014.9	101059769	101059826	+	UAGGUUAUCCGUGUUGCCUUCGCUUUAUUUGUGACGAAUCAUACACGGUUGACCUAUU	AAUCAUACACGGUUGACCUAUU
Hsa-Mir-154-P20-v2_pre	NC_000014.9	101060595	101060650	+	AGGUUGUCCAUGGUGUGUUCAUUUUAUUUAUGAUGAGUAUUACAUGGCCAAUCUCC	AGUAUUACAUGGCCAAUCUCC
Hsa-Mir-154-P20-v1_pre	NC_000014.9	101060596	101060649	+	GGUUGUCCAUGGUGUGUUCAUUUUAUUUAUGAUGAGUAUUACAUGGCCAAUCUC	UGAGUAUUACAUGGCCAAUCUC
Hsa-Mir-154-P6_pre	NC_000014.9	101062056	101062115	+	AGAGGUUGCCCUUGGUGAAUUCGCUUUAUUUAUGUUGAAUCACACAAAGGCAACUUUUGU	AUCACACAAAGGCAACUUUUGU
Hsa-Mir-541_pre	NC_000014.9	101064504	101064569	+	AAAGGAUUCUGCUGUCGGUCCCACUCCAAAGUUCACAGAAUGGGUGGUGGGCACAGAAUCUGGACU	AAAGGAUUCUGCUGUCGGUCCCACU
Hsa-Mir-154-P36_pre	NC_000014.9	101065314	101065367	+	AGGUUACCCGAGCAACUUUGCAUCUGGACGACGAAUGUUGCUCGGUGAACCCCU	GAAUGUUGCUCGGUGAACCCCU
Hsa-Mir-154-P14_pre	NC_000014.9	101065465	101065519	+	UGGUCGACCAGUUGGAAAGUAAUUGUUUCUAAUGUACUUCACCUGGUCCACUAGC	UGGUCGACCAGUUGGAAAGUAAU
Hsa-Mir-154-P5_pre	NC_000014.9	101065606	101065661	+	AGAUCGACCGUGUUAUAUUCGCUUUAUUGACUUCGAAUAAUACAUGGUUGAUCUUU	AAUAAUACAUGGUUGAUCUUU
Hsa-Mir-154-P12_pre	NC_000014.9	101065925	101065981	+	AGGUUGUCUGUGAUGAGUUCGCUUUUAUUAAUGACGAAUAUAACACAGAUGGCCUGU	AAUAUAACACAGAUGGCCUGU
Hsa-Mir-154-P25_pre	NC_000014.9	101066731	101066786	+	AGGUUGCCUGUGAGGUGUUCACUUUCUAUAUGAUGAAUAUUAUACAGUCAACCUCU	AAUAUUAUACAGUCAACCUCU
Hsa-Mir-1247_pre	NC_000014.9	101560326	101560383	-	ACCCGUCCCGUUCGUCCCCGGACGUUGCUCUCUACCCCGGGAACGUCGAGACUGGAGC	ACCCGUCCCGUUCGUCCCCGGA
Hsa-Mir-203-v1_pre	NC_000014.9	104117431	104117490	+	AGUGGUUCUUAACAGUUCAACAGUUCUGUAGCGCAAUUGUGAAAUGUUUAGGACCACUAG	GUGAAAUGUUUAGGACCACUAG
Hsa-Mir-203-v2_pre	NC_000014.9	104117431	104117490	+	AGUGGUUCUUAACAGUUCAACAGUUCUGUAGCGCAAUUGUGAAAUGUUUAGGACCACUAG	UGAAAUGUUUAGGACCACUAG
Hsa-Mir-204-P2_pre	NC_000015.10	31065059	31065116	-	UUCCCUUUGUCAUCCUUCGCCUAGGGCUCUGAGCAGGGCAGGGACAGCAAAGGGGUGC	UUCCCUUUGUCAUCCUUCGCCU
Hsa-Mir-3942_pre	NC_000015.10	35372279	35372341	-	AGCAAUACUGUUACCUGAAAUAGGCUGCGAAGAUAACAGUAUUUCAGAUAACAGUAUUACAUC	AGCAAUACUGUUACCUGAAAUA
Hsa-Mir-147-v1_pre	NC_000015.10	45433060	45433119	+	GUGGAAACAUUUCUGCACAAACUAGAUUCUGGACACCAGUGUGCGGAAAUGCUUCUGCUA	GUGUGCGGAAAUGCUUCUGCUA
Hsa-Mir-147-v2_pre	NC_000015.10	45433061	45433118	+	UGGAAACAUUUCUGCACAAACUAGAUUCUGGACACCAGUGUGCGGAAAUGCUUCUGCU	AGUGUGCGGAAAUGCUUCUGCU
Hsa-Mir-1266_pre	NC_000015.10	52277131	52277188	-	CCUCAGGGCUGUAGAACAGGGCUGGGAUUACUAAAGCCCUGUUCUAUGCCCUGAGGGA	CCUCAGGGCUGUAGAACAGGGCU
Hsa-Mir-628_pre	NC_000015.10	55372952	55373012	-	AUGCUGACAUAUUUACUAGAGGGUAAAAUUAAUAACCUUCUAGUAAGAGUGGCAGUCGAAG	UCUAGUAAGAGUGGCAGUCGAAG
Hsa-Mir-2116_pre	NC_000015.10	59171193	59171249	-	GGUUCUUAGCAUAGGAGGUCUUCCCAUGCUAAGAAGUCCUCCCAUGCCAAGAACUCC	UCCUCCCAUGCCAAGAACUCC
Hsa-Mir-190-P1_pre	NC_000015.10	62823971	62824028	+	UGAUAUGUUUGAUAUAUUAGGUUGUUAUUUAAUCCAACUAUAUAUCAAACAUAUUCCU	UGAUAUGUUUGAUAUAUUAGGUUG
Hsa-Mir-629_pre	NC_000015.10	70079387	70079447	-	UGGGUUUACGUUGGGAGAACUUUUACGGUGAACCAGGAGGUUCUCCCAACGUAAGCCCAGC	UGGGUUUACGUUGGGAGAACUU
Hsa-Mir-184_pre	NC_000015.10	79209800	79209861	+	CCUUAUCACUUUUCCAGCCCAGCUUUGUGACUGUAAGUGUUGGACGGAGAACUGAUAAGGGU	UGGACGGAGAACUGAUAAGGGU
Hsa-Mir-1276_pre	NC_000015.10	85770508	85770567	-	UAAAGAGCCCUGUGGAGACACCUGGAUUCAGAGAACAUGUCUCCACUGAGCACUUGGGCC	UAAAGAGCCCUGUGGAGACACC
Hsa-Mir-7-P2_pre	NC_000015.10	88611856	88611917	+	UGGAAGACUAGUGAUUUUGUUGUUGUCUUACUGCGCUCAACAACAAAUCCCAGUCUACCUAA	UGGAAGACUAGUGAUUUUGUUGUU
Hsa-Mir-9-P3_pre	NC_000015.10	89368032	89368092	+	UCUUUGGUUAUCUAGCUGUAUGAGUGCCACAGAGCCGUCAUAAAGCUAGAUAACCGAAAGU	UCUUUGGUUAUCUAGCUGUAUGA
Hsa-Mir-3174_pre	NC_000015.10	90006764	90006833	+	UAGUGAGUUAGAGAUGCAGAGCCCUGGGCUCCUCAGCAAACCUACUGGAUCUGCAUUUUAAUUCACAUGC	UAGUGAGUUAGAGAUGCAGAGCC
Hsa-Mir-193-P1b_pre	NC_000016.10	14303980	14304038	+	CGGGGUUUUGAGGGCGAGAUGAGUUUAUGUUUUAUCCAACUGGCCCUCAAAGUCCCGCU	AACUGGCCCUCAAAGUCCCGCU
Hsa-Mir-193-P2b_pre	NC_000016.10	14309300	14309360	+	AGGGACUUUUGGGGGCAGAUGUGUUUCCAUUCCACUAUCAUAAUGCCCCUAAAAAUCCUUA	UAAUGCCCCUAAAAAUCCUUA
Hsa-Mir-3180-P2_pre	NC_000016.10	14911237	14911302	+	CUUCCAGACGCUCCGCCCCACGUCGCAUGCGCCCCGGGAAAGCGUGGGGCGGAGCUUCCGGAGGCC	UGGGGCGGAGCUUCCGGAGGCC
Hsa-Mir-3180-P1_pre	NC_000016.10	16309892	16309957	+	CUUCCAGACGCUCCGCCCCACGUCGCAUGCGCCCCGGGAAAGCGUGGGGCGGAGCUUCCGGAGGCC	UGGGGCGGAGCUUCCGGAGGCC
Hsa-Mir-3180-P3_pre	NC_000016.10	18402189	18402254	-	CUUCCAGACGCUCCGCCCCACGUCGCAUGCGCCCCGGGAAAGCGUGGGGCGGAGCUUCCGGAGGCC	UGGGGCGGAGCUUCCGGAGGCC
Hsa-Mir-138-P2_pre	NC_000016.10	56858527	56858595	+	AGCUGGUGUUGUGAAUCAGGCCGACGAGCAGCGCAUCCUCUUACCCGGCUAUUUCACGACACCAGGGUU	AGCUGGUGUUGUGAAUCAGGCCG
Hsa-Mir-328_pre	NC_000016.10	67202327	67202388	-	GGGGGGCAGGAGGGGCUCAGGGAGAAAGUGCAUACAGCCCCUGGCCCUCUCUGCCCUUCCGU	CUGGCCCUCUCUGCCCUUCCGU
Hsa-Mir-140-v1_pre	NC_000016.10	69933103	69933164	+	CAGUGGUUUUACCCUAUGGUAGGUUACGUCAUGCUGUUCUACCACAGGGUAGAACCACGGAC	ACCACAGGGUAGAACCACGGAC
Hsa-Mir-140-v2_pre	NC_000016.10	69933103	69933164	+	CAGUGGUUUUACCCUAUGGUAGGUUACGUCAUGCUGUUCUACCACAGGGUAGAACCACGGAC	UACCACAGGGUAGAACCACGGAC
Hsa-Mir-7854_pre	NC_000016.10	81533905	81533965	+	CUUCCAUCUCCAUCACCUUGAGCAUCUUCUGGGCAGCUGAGGUGACCGCAGAUGGGAAGGA	UGAGGUGACCGCAGAUGGGAAGGA
Hsa-Mir-1910_pre	NC_000016.10	85741630	85741689	-	CCAGUCCUGUGCCUGCCGCCUUUGUGCUGUCCUUGGAGGGAGGCAGAAGCAGGAUGACAA	GAGGCAGAAGCAGGAUGACAA
Hsa-Mir-22-P1a_pre	NC_000017.11	1713914	1713973	-	AGUUCUUCAGUGGCAAGCUUUAUGUCCUGACCCAGCUAAAGCUGCCAGUUGAAGAACUGU	AAGCUGCCAGUUGAAGAACUGU
Hsa-Mir-132-P1_pre	NC_000017.11	2049929	2049986	-	ACCGUGGCUUUCGAUUGUUACUGUGGGAACUGGAGGUAACAGUCUACAGCCAUGGUCG	UAACAGUCUACAGCCAUGGUCG
Hsa-Mir-132-P2_pre	NC_000017.11	2050289	2050350	-	ACCUUGGCUCUAGACUGCUUACUGCCCGGGCCGCCCUCAGUAACAGUCUCCAGUCACGGCCA	ACCUUGGCUCUAGACUGCUUACU
Hsa-Mir-15-P2c_pre	NC_000017.11	7017627	7017687	-	UAGCAGCACAGAAAUAUUGGCACAGGGAAGCGAGUCUGCCAAUAUUGGCUGUGCUGCUCCA	UAGCAGCACAGAAAUAUUGGCA
Hsa-Mir-15-P1c_pre	NC_000017.11	7017938	7017999	-	CAGCAGCACACUGUGGUUUGUACGGCACUGUGGCCACGUCCAAACCACACUGUGGUGUUAGA	CAGCAGCACACUGUGGUUUGUA
Hsa-Mir-324_pre	NC_000017.11	7223308	7223364	-	CGCAUCCCCUAGGGCAUUGGUGUAAAGCUGGAGACCCACUGCCCCAGGUGCUGCUGG	CGCAUCCCCUAGGGCAUUGGUGU
Hsa-Mir-744_pre	NC_000017.11	12081909	12081986	+	UGCGGGGCUAGGGCUAACAGCAGUCUUACUGAAGGUUUCCUGGAAACCACGCACAUGCUGUUGCCACUAACCUCAACC	UGCGGGGCUAGGGCUAACAGCA
Hsa-Mir-4731_pre	NC_000017.11	15251634	15251687	-	UGCUGGGGGCCACAUGAGUGUGCAGUCAUCCACACACAAGUGGCCCCCAACACU	CACACAAGUGGCCCCCAACACU
Hsa-Mir-33-P2_pre	NC_000017.11	17813858	17813916	-	GUGCAUUGCUGUUGCAUUGCACGUGUGUGAGGCGGGUGCAGUGCCUCGGCAGUGCAGCC	CAGUGCCUCGGCAGUGCAGCC
Hsa-Mir-1180_pre	NC_000017.11	19344513	19344568	-	GGACCCACCCGGCCGGGAAUAGUGCUCCUGGUUGUUUCCGGCUCGCGUGGGUGUGU	UUUCCGGCUCGCGUGGGUGUGU
Hsa-Mir-451_pre	NC_000017.11	28861383	28861424	-	AAACCGUUACCAUUACUGAGUUUAGUAAUGGUAAUGGUUCUC	AAACCGUUACCAUUACUGAGUUU
Hsa-Mir-144_pre	NC_000017.11	28861548	28861604	-	GGAUAUCAUCAUAUACUGUAAGUUUGCGAUGAGACACUACAGUAUAGAUGAUGUACU	GGAUAUCAUCAUAUACUGUAAGU
Hsa-Mir-423_pre	NC_000017.11	30117095	30117153	+	UGAGGGGCAGAGAGCGAGACUUUUCUAUUUUCCAAAAGCUCGGUCUGAGGCCCCUCAGU	AGCUCGGUCUGAGGCCCCUCAGU
Hsa-Mir-193-P1a_pre	NC_000017.11	31560016	31560071	+	UGGGUCUUUGCGGGCGAGAUGAGGGUGUCGGAUCAACUGGCCUACAAAGUCCCAGU	UGGGUCUUUGCGGGCGAGAUGA
Hsa-Mir-193-P2a_pre	NC_000017.11	31575439	31575499	+	AGGGACUUUCAGGGGCAGCUGUGUUUUCUGACUCAGUCAUAAUGCCCCUAAAAAUCCUUAU	UAAUGCCCCUAAAAAUCCUUAU
Hsa-Mir-5010_pre	NC_000017.11	42514208	42514288	+	AGGGGGAUGGCAGAGCAAAAUUCAUGGCCUACAGCUGCCUCUUGCCAAACUGCACUGGAUUUUGUGUCUCCCAUUCCCCAG	UUUUGUGUCUCCCAUUCCCCAG
Hsa-Mir-148-P2_pre	NC_000017.11	48037174	48037232	-	AGGUUCUGUGAUACACUCCGACUCGGGCUCUGGAGCAGUCAGUGCAUGACAGAACUUGG	UCAGUGCAUGACAGAACUUGG
Hsa-Mir-10-P1a-v1_pre	NC_000017.11	48579864	48579926	-	UACCCUGUAGAUCCGAAUUUGUGUAAGGAAUUUUGUGGUCACAAAUUCGUAUCUAGGGGAAUA	UACCCUGUAGAUCCGAAUUUGU
Hsa-Mir-10-P1a-v2_pre	NC_000017.11	48579865	48579925	-	ACCCUGUAGAUCCGAAUUUGUGUAAGGAAUUUUGUGGUCACAAAUUCGUAUCUAGGGGAAU	ACCCUGUAGAUCCGAAUUUGUG
Hsa-Mir-196-P1_pre	NC_000017.11	48632494	48632553	-	UAGGUAGUUUCAUGUUGUUGGGCCUGGGUUUCUGAACACAACAACAUUAAACCACCCGAU	UAGGUAGUUUCAUGUUGUUGGG
Hsa-Mir-142-v4_pre	NC_000017.11	58331243	58331305	-	CCCAUAAAGUAGAAAGCACUACUAACAGCACUGGAGGGUGUAGUGUUUCCUACUUUAUGGAUG	CCCAUAAAGUAGAAAGCACUAC
Hsa-Mir-142-v1_pre	NC_000017.11	58331245	58331303	-	CAUAAAGUAGAAAGCACUACUAACAGCACUGGAGGGUGUAGUGUUUCCUACUUUAUGGA	CAUAAAGUAGAAAGCACUACU
Hsa-Mir-142-v2_pre	NC_000017.11	58331245	58331303	-	CAUAAAGUAGAAAGCACUACUAACAGCACUGGAGGGUGUAGUGUUUCCUACUUUAUGGA	GUAGUGUUUCCUACUUUAUGGA
Hsa-Mir-142-v3_pre	NC_000017.11	58331245	58331303	-	CAUAAAGUAGAAAGCACUACUAACAGCACUGGAGGGUGUAGUGUUUCCUACUUUAUGGA	UGUAGUGUUUCCUACUUUAUGGA
Hsa-Mir-130-P4a_pre	NC_000017.11	59137785	59137849	-	ACCCUAUCAAUAUUGUCUCUGCUGUGUAAAUAGUUCUGAGUAGUGCAAUAUUGCUUAUAGGGUUU	UAGUGCAAUAUUGCUUAUAGGGUUU
Hsa-Mir-130-P2a_pre	NC_000017.11	59151149	59151208	-	GCUCUGACUUUAUUGCACUACUGUACUUUACAGCUAGCAGUGCAAUAGUAUUGUCAAAGC	CAGUGCAAUAGUAUUGUCAAAGC
Hsa-Mir-21_pre	NC_000017.11	59841273	59841332	+	UAGCUUAUCAGACUGAUGUUGACUGUUGAAUCUCAUGGCAACACCAGUCGAUGGGCUGUC	UAGCUUAUCAGACUGAUGUUGACU
Hsa-Mir-4524_pre	NC_000017.11	69099570	69099625	-	AGCAGCAUGAACCUGUCUCACUGCAGAAUUAUUUUGAGACAGGCUUAUGCUGCUAU	UGAGACAGGCUUAUGCUGCUAU
Hsa-Mir-338-P1_pre	NC_000017.11	81125886	81125944	-	AACAAUAUCCUGGUGCUGAGUGAUGACUCAGGCGACUCCAGCAUCAGUGAUUUUGUUGA	UCCAGCAUCAGUGAUUUUGUUGA
Hsa-Mir-338-P1-as_pre	NC_000017.11	81125886	81125948	+	UCAACAAAAUCACUGAUGCUGGAGUCGCCUGAGUCAUCACUCAGCACCAGGAUAUUGUUGGAG	UCAGCACCAGGAUAUUGUUGGAG
Hsa-Mir-133-P2-v1_pre	NC_000018.10	21825711	21825770	-	AGCUGGUAAAAUGGAACCAAAUCGCCUCUUCAAUGGAUUUGGUCCCCUUCAACCAGCUGU	UUUGGUCCCCUUCAACCAGCUGU
Hsa-Mir-133-P2-v2_pre	NC_000018.10	21825711	21825770	-	AGCUGGUAAAAUGGAACCAAAUCGCCUCUUCAAUGGAUUUGGUCCCCUUCAACCAGCUGU	UUGGUCCCCUUCAACCAGCUGU
Hsa-Mir-1-P2_pre	NC_000018.10	21829015	21829075	-	ACAUACUUCUUUAUGUACCCAUAUGAACAUACAAUGCUAUGGAAUGUAAAGAAGUAUGUAU	UGGAAUGUAAAGAAGUAUGUAU
Hsa-Mir-187_pre	NC_000018.10	35904835	35904891	-	GCUACAACACAGGACCCGGGCGCUGCUCUGACCCCUCGUGUCUUGUGUUGCAGCCGG	UCGUGUCUUGUGUUGCAGCCGG
Hsa-Mir-122-as_pre	NC_000018.10	58451086	58451143	-	UUUAGUGUGAUAAUGGCGUUUGAUAGUUUAGACACAAACACCAUUGUCACACUCCACA	UUUAGUGUGAUAAUGGCGUUUG
Hsa-Mir-122_pre	NC_000018.10	58451088	58451145	+	UGGAGUGUGACAAUGGUGUUUGUGUCUAAACUAUCAAACGCCAUUAUCACACUAAAUA	UGGAGUGUGACAAUGGUGUUUG
Hsa-Mir-3187_pre	NC_000019.10	813590	813649	+	CCUGGGCAGCGUGUGGCUGAAGGUCACCAUGUUCUCCUUGGCCAUGGGGCUGCGCGGGGC	UUGGCCAUGGGGCUGCGCGGGGC
Hsa-Mir-7-P3_pre	NC_000019.10	4770700	4770759	+	UGGAAGACUAGUGAUUUUGUUGUUCUGAUGUACUACGACAACAAGUCACAGCCGGCCUCA	UGGAAGACUAGUGAUUUUGUUGUU
Hsa-Mir-3940_pre	NC_000019.10	6416434	6416489	-	GUGGGUUGGGGCGGGCUCUGGGGAUUUGGUCUCACAGCCCGGAUCCCAGCCCACUU	CAGCCCGGAUCCCAGCCCACUU
Hsa-Mir-199-P2-v1_pre	NC_000019.10	10817429	10817491	-	CCCAGUGUUCAGACUACCUGUUCAGGAGGCUCUCAAUGUGUACAGUAGUCUGCACAUUGGUUA	ACAGUAGUCUGCACAUUGGUUA
Hsa-Mir-199-P2-v2_pre	NC_000019.10	10817429	10817491	-	CCCAGUGUUCAGACUACCUGUUCAGGAGGCUCUCAAUGUGUACAGUAGUCUGCACAUUGGUUA	UACAGUAGUCUGCACAUUGGUUA
Hsa-Mir-199-P2-v3_pre	NC_000019.10	10817429	10817491	-	CCCAGUGUUCAGACUACCUGUUCAGGAGGCUCUCAAUGUGUACAGUAGUCUGCACAUUGGUUA	CAGUAGUCUGCACAUUGGUUA
Hsa-Mir-24-P1_pre	NC_000019.10	13836289	13836348	-	GUGCCUACUGAGCUGAAACACAGUUGGUUUGUGUACACUGGCUCAGUUCAGCAGGAACAG	UGGCUCAGUUCAGCAGGAACAG
Hsa-Mir-27-P1_pre	NC_000019.10	13836447	13836508	-	AGGGCUUAGCUGCUUGUGAGCAGGGUCCACACCAAGUCGUGUUCACAGUGGCUAAGUUCCGC	UUCACAGUGGCUAAGUUCCGC
Hsa-Mir-23-P1_pre	NC_000019.10	13836594	13836651	-	GGGGUUCCUGGGGAUGGGAUUUGCUUCCUGUCACAAAUCACAUUGCCAGGGAUUUCCA	AUCACAUUGCCAGGGAUUUCCA
Hsa-Mir-181-P1c_pre	NC_000019.10	13874725	13874785	+	AACAUUCAACCUGUCGGUGAGUUUGGGCAGCUCAGGCAAACCAUCGACCGUUGAGUGGACC	AACAUUCAACCUGUCGGUGAGUU
Hsa-Mir-181-P2c_pre	NC_000019.10	13874910	13874972	+	AACAUUCAUUGUUGUCGGUGGGUUGUGAGGACUGAGGCCAGACCCACCGGGGGAUGAAUGUCA	AACAUUCAUUGUUGUCGGUGGGUU
Hsa-Mir-1270_pre	NC_000019.10	20399284	20399342	-	CUGGAGAUAUGGAAGAGCUGUGUUGGGUAUAAGUAACAGGCUUUUCUUUAUCUUCUAUG	CUGGAGAUAUGGAAGAGCUGUGU
Hsa-Mir-330-v1_pre	NC_000019.10	45639007	45639070	-	UCUCUGGGCCUGUGUCUUAGGCUCUGCAAGAUCAACCGAGCAAAGCACACGGCCUGCAGAGAGG	CAAAGCACACGGCCUGCAGAGAGG
Hsa-Mir-330-v2_pre	NC_000019.10	45639007	45639070	-	UCUCUGGGCCUGUGUCUUAGGCUCUGCAAGAUCAACCGAGCAAAGCACACGGCCUGCAGAGAGG	GCAAAGCACACGGCCUGCAGAGAGG
Hsa-Mir-642-as_pre	NC_000019.10	45674941	45674997	-	UUCCCUCUCCAAAUGUGUCUUGAUCCCCCACCCCAAGACACAUUUGGAGAGGGACCC	UUCCCUCUCCAAAUGUGUCUUG
Hsa-Mir-642_pre	NC_000019.10	45674943	45674999	+	GUCCCUCUCCAAAUGUGUCUUGGGGUGGGGGAUCAAGACACAUUUGGAGAGGGAACC	AGACACAUUUGGAGAGGGAACC
Hsa-Mir-769_pre	NC_000019.10	46018961	46019021	+	UGAGACCUCUGGGUUCUGAGCUGUGAUGUUGCUCUCGAGCUGGGAUCUCCGGGGUCUUGGU	UGAGACCUCUGGGUUCUGAGCU
Hsa-Mir-150_pre	NC_000019.10	49500798	49500853	-	UCUCCCAACCCUUGUACCAGUGCUGGGCUCAGACCCUGGUACAGGCCUGGGGGACA	UCUCCCAACCCUUGUACCAGUG
Hsa-Mir-10-P2b_pre	NC_000019.10	51692618	51692677	+	CACCCGUAGAACCGACCUUGCGGGGCCUUCGCCGCACACAAGCUCGUGUCUGUGGGUCCG	CACCCGUAGAACCGACCUUGCG
Hsa-Let-7-P1b_pre	NC_000019.10	51692793	51692859	+	UGAGGUAGGAGGUUGUAUAGUUGAGGAGGACACCCAAGGAGAUCACUAUACGGCCUCCUAGCUUUCC	UGAGGUAGGAGGUUGUAUAGUU
Hsa-Mir-10-P3b_pre	NC_000019.10	51693268	51693327	+	UCCCUGAGACCCUUUAACCUGUGAGGACAUCCAGGGUCACAGGUGAGGUUCUUGGGAGCC	UCCCUGAGACCCUUUAACCUGUGA
Hsa-Mir-430-P8b_pre	NC_000019.10	53666693	53666750	+	ACUCAGCCUUGAGGGCACUUUCUGGUGCCAGAAUGAAAGUGCUGUCAUAGCUGAGGUC	AAGUGCUGUCAUAGCUGAGGUC
Hsa-Mir-430-P8a_pre	NC_000019.10	53669177	53669234	+	ACUCAGCCUUGAGGGCACUUUCUGGUGCCAGAAUGAAAGUGCUGUCAUAGCUGAGGUC	AAGUGCUGUCAUAGCUGAGGUC
Hsa-Mir-1323_pre	NC_000019.10	53671978	53672033	+	UCAAAACUGAGGGGCAUUUUCUGUGGUUUGAAAGGAAAGUGCACCCAGUUUUGGGG	UCAAAACUGAGGGGCAUUUUCU
Hsa-Mir-498_pre	NC_000019.10	53674230	53674289	+	UUUCAAGCCAGGGGGCGUUUUUCUAUAACUGGAUGAAAAGCACCUCCAGAGCUUGAAGCU	UUUCAAGCCAGGGGGCGUUUUUC
Hsa-Mir-430-P35_pre	NC_000019.10	53675725	53675785	+	CCUCAAGAUGGAAGCAGUUUCUGUUGUCUGAAAGGAAAGAAAGUGCUUCCUUUUUGAGGGU	AAAGUGCUUCCUUUUUGAGGGU
Hsa-Mir-430-P9b_pre	NC_000019.10	53679016	53679074	+	UUCUCCAAAAGAAAGCACUUUCUGUUGUCUGAAAGCAGAGUGCCUUCUUUUGGAGCGUU	UUCUCCAAAAGAAAGCACUUUCUG
Hsa-Mir-430-P30_pre	NC_000019.10	53679953	53680011	+	UUCUCCAAAAGGGAGCACUUUCUGUUUGAAAGAAAACAAAGUGCCUCCUUUUAGAGUGU	UUCUCCAAAAGGGAGCACUUUC
Hsa-Mir-430-P36_pre	NC_000019.10	53682173	53682233	+	CCUCUAAAGGGAAGCGCUUUCUGUGGUCAGAAAGAAAAGCAAGUGCUUCCUUUUAGAGGGU	CAAGUGCUUCCUUUUAGAGGGU
Hsa-Mir-430-P9a_pre	NC_000019.10	53685022	53685080	+	UUCUCCAAAAGAAAGCACUUUCUGUUGUCUGAAAGCAGAGUGCCUUCUUUUGGAGCGUU	UUCUCCAAAAGAAAGCACUUUCUG
Hsa-Mir-430-P28_pre	NC_000019.10	53686484	53686543	+	CUCUAGAGGGAAGCGCUUUCUGUUGUCUGAAAGAAAAGAAAGUGCAUCUUUUUAGAGGAU	AAAGUGCAUCUUUUUAGAGGAU
Hsa-Mir-430-P49_pre	NC_000019.10	53688495	53688553	+	CUACAAAGGAAAGCGCUUUCUGUUGUCAGAAAGAAGAGAAAGCGCUUCCCUUUUGAGGG	CUACAAAGGAAAGCGCUUUCU
Hsa-Mir-430-P31_pre	NC_000019.10	53690895	53690953	+	CUCCAGAGGGAAGUACUUUCUGUUGUCUGAGAGAAAAGAAAGUGCUUCCCUUUGGACUG	AAAGUGCUUCCCUUUGGACUG
Hsa-Mir-430-P47_pre	NC_000019.10	53694406	53694464	+	CUCUUGAGGGAAGCACUUUCUGUUGUCUGAAAGAAGAGAAAGUGCUUCCUUUUAGAGGC	CUCUUGAGGGAAGCACUUUCUG
Hsa-Mir-430-P27_pre	NC_000019.10	53695225	53695284	+	CUCUAGAGGGAAGCGCUUUCUGUUGUCUGAAAGAAAAGAAAGUGCAUCCUUUUAGAGGUU	CUCUAGAGGGAAGCGCUUUCUG
Hsa-Mir-430-P44_pre	NC_000019.10	53697547	53697605	+	CUCCAGAGGGAUGCACUUUCUCUUAUGUGAAAAAAAAGAAGGCGCUUCCCUUUAGAGCG	CUCCAGAGGGAUGCACUUUCUC
Hsa-Mir-430-P42_pre	NC_000019.10	53698400	53698458	+	CUCUAGAGGGAAGCGCUUUCUGUUGUCUGAAAGAAAAGAACGCGCUUCCCUAUAGAGGG	GAACGCGCUUCCCUAUAGAGGG
Hsa-Mir-430-P24_pre	NC_000019.10	53700030	53700088	+	CUCUAGAGGGAAGCACUUUCUCUUGUCUAAAAGAAAAGAAAGCGCUUCUCUUUAGAGGA	GAAAGCGCUUCUCUUUAGAGGA
Hsa-Mir-430-P32_pre	NC_000019.10	53701228	53701288	+	CCUCUACAGGGAAGCGCUUUCUGUUGUCUGAAAGAAAAGAAAGUGCUUCCUUUUAGAGGGU	AAAGUGCUUCCUUUUAGAGGGU
Hsa-Mir-430-P20_pre	NC_000019.10	53702750	53702808	+	CUCCAGAGGGAAGCGCUUUCUGUUGUCUGAAAGAAAACAAAGCGCUCCCCUUUAGAGGU	CAAAGCGCUCCCCUUUAGAGGU
Hsa-Mir-430-P45_pre	NC_000019.10	53706266	53706324	+	CUCUAGAGGGAAGCACUUUCUGUUGCUUGAAAGAAGAGAAAGCGCUUCCUUUUAGAGGA	CUCUAGAGGGAAGCACUUUCUG
Hsa-Mir-430-P33_pre	NC_000019.10	53707468	53707527	+	CUCUAGAGGGAAGCACUUUCUGUUGUCUGAAAGAAAAGAAAGUGCUUCCUUUUAGAGGGU	AAAGUGCUUCCUUUUAGAGGGU
Hsa-Mir-430-P21_pre	NC_000019.10	53708759	53708817	+	CUCUGGAGGGAAGCACUUUCUGUUGUCUGAAAGAAAACAAAGCGCUUCUCUUUAGAGUG	CAAAGCGCUUCUCUUUAGAGUG
Hsa-Mir-430-P43_pre	NC_000019.10	53711017	53711075	+	CUACAAAGGGAAGCACUUUCUCUUGUCCAAAGGAAAAGAAGGCGCUUCCCUUUGGAGUG	GAAGGCGCUUCCCUUUGGAGUG
Hsa-Mir-430-P15a_pre	NC_000019.10	53712282	53712342	+	CCUCUAGAUGGAAGCACUGUCUGUUGUAUAAAAGAAAAGAUCGUGCAUCCCUUUAGAGUGU	AUCGUGCAUCCCUUUAGAGUGU
Hsa-Mir-430-P29_pre	NC_000019.10	53713361	53713422	+	CCUCCAAAGGGAAGCGCUUUCUGUUUGUUUUCUCUUAAACAAAGUGCCUCCCUUUAGAGUGU	CAAAGUGCCUCCCUUUAGAGUGU
Hsa-Mir-430-P39b_pre	NC_000019.10	53716608	53716668	+	UCUCCAAAGGGAAGAAUUUUCUCUUGUCUAAAAGAAAAGAACGCACUUCCCUUUAGAGUGU	AACGCACUUCCCUUUAGAGUGU
Hsa-Mir-430-P34_pre	NC_000019.10	53720111	53720170	+	CUACAAAGGGAAGCCCUUUCUGUUGUCUAAAAGAAAAGAAAGUGCUUCUCUUUGGUGGGU	AAAGUGCUUCUCUUUGGUGGGU
Hsa-Mir-430-P15b_pre	NC_000019.10	53721081	53721139	+	CCUCUAGAUGGAAGCACUGUCUGUUGUCUAAGAAAAGAUCGUGCAUCCCUUUAGAGUGU	AUCGUGCAUCCCUUUAGAGUGU
Hsa-Mir-430-P37b_pre	NC_000019.10	53722182	53722241	+	UCUAGAGGAAGCACUUUCUGUUUGUUGUCUGAGAAAAAACAAAGUGCUUCCCUUUAGAGU	CAAAGUGCUUCCCUUUAGAGU
Hsa-Mir-430-P14_pre	NC_000019.10	53725457	53725514	+	AUCUGGAGGUAAGAAGCACUUUGUGUUUUGUGAAAGAAAGUGCUUCCUUUCAGAGGGU	AUCUGGAGGUAAGAAGCACUUUGU
Hsa-Mir-430-P46_pre	NC_000019.10	53726928	53726982	+	CUCUAGAGGGAAGCACUUUCUGUUGAAAGAAAAGAACAUGCAUCCUUUCAGAGGG	CUCUAGAGGGAAGCACUUUCUG
Hsa-Mir-430-P23_pre	NC_000019.10	53729853	53729911	+	CUCUAGAGGGAAGCGCUUUCUGUUGGCUAAAAGAAAAGAAAGCGCUUCCCUUCAGAGUG	CUCUAGAGGGAAGCGCUUUCUG
Hsa-Mir-430-P18_pre	NC_000019.10	53731019	53731078	+	CUGCAAAGGGAAGCCCUUUCUGUUGUCUGAAAGAAGAGAAAGCGCUUCCCUUUGCUGGAU	GAAAGCGCUUCCCUUUGCUGGAU
Hsa-Mir-430-P22_pre	NC_000019.10	53734892	53734950	+	CUCUAGAGGGAAGCACUUUCUGUUGUCUGAAAGAAACCAAAGCGCUUCCCUUUGGAGCG	CUCUAGAGGGAAGCACUUUCUG
Hsa-Mir-430-P13_pre	NC_000019.10	53736860	53736922	+	AUCUGGAGGUAAGAAGCACUUUCUGUUUUGUGAAAGAAAAGAAAGUGCUUCCUUUCAGAGGGU	AUCUGGAGGUAAGAAGCACUUUCU
Hsa-Mir-430-P19_pre	NC_000019.10	53739348	53739407	+	CUGCAAAGGGAAGCCCUUUCUGUUGUCUAAAAGAAGAGAAAGCGCUUCCCUUUGCUGGAU	GAAAGCGCUUCCCUUUGCUGGAU
Hsa-Mir-430-P15c_pre	NC_000019.10	53741332	53741390	+	CCUCUAGAUGGAAGCACUGUCUGUUGUCUAAGAAAAGAUCGUGCAUCCUUUUAGAGUGU	AUCGUGCAUCCUUUUAGAGUGU
Hsa-Mir-430-P37a_pre	NC_000019.10	53742528	53742587	+	UCUAGAGGAAGCACUUUCUGUUUGUUGUCUGAGAAAAAACAAAGUGCUUCCCUUUAGAGU	CAAAGUGCUUCCCUUUAGAGU
Hsa-Mir-430-P39a_pre	NC_000019.10	53748650	53748710	+	CCUCCAAAGGGAAGAACUUUCUGUUGUCUAAAAGAAAAGAACGCACUUCCCUUUAGAGUGU	AACGCACUUCCCUUUAGAGUGU
Hsa-Mir-430-P41_pre	NC_000019.10	53751226	53751285	+	CUCUAGAGGGAAGCGCUUUCUGUUGUCUGAAAGAAAAGAAAAUGGUUCCCUUUAGAGUGU	AAAAUGGUUCCCUUUAGAGUGU
Hsa-Mir-430-P25_pre	NC_000019.10	53752410	53752470	+	ACUCUAGAGGGAAGCGCUUUCUGUUGUCUGAAAGAAAGGAAAGUGCAUCCUUUUAGAGUGU	ACUCUAGAGGGAAGCGCUUUCU
Hsa-Mir-430-P48_pre	NC_000019.10	53754031	53754089	+	CUGCAAAGGGAAGCCCUUUCUGUUGUCUAAAAGAAAAGAAAGUGCUUCCCUUUGGUGAA	CUGCAAAGGGAAGCCCUUUCU
Hsa-Mir-430-P11a_pre	NC_000019.10	53756756	53756818	+	UUCUCGAGGAAAGAAGCACUUUCUGUUGUCUGAAAGAAAAGAAAGUGCUUCCUUUCAGAGGGU	UUCUCGAGGAAAGAAGCACUUUCU
Hsa-Mir-430-P50_pre	NC_000019.10	53758246	53758304	+	CUACAAAGGAAAGCGCUUUCUGUUGUCUGAAAGAAAAGAAAUCGCUUCCCUUUGGAGUG	CUACAAAGGAAAGCGCUUUCU
Hsa-Mir-430-P11b_pre	NC_000019.10	53761148	53761210	+	UUCUCGAGGAAAGAAGCACUUUCUGUUGUCUGAAAGAAAAGAAAGUGCUUCCUUUCAGAGGGU	UUCUCGAGGAAAGAAGCACUUUCU
Hsa-Mir-430-P26_pre	NC_000019.10	53762358	53762418	+	CCUCUACAGGGAAGCGCUUUCUGUUGUCUGAAAGAAAGGAAAGUGCAUCCUUUUAGAGUGU	AAAGUGCAUCCUUUUAGAGUGU
Hsa-Mir-430-P5_pre	NC_000019.10	53787680	53787738	+	ACUCAAACUGUGGGGGCACUUUCUGCUCUCUGGUGAAAGUGCCGCCAUCUUUUGAGUGU	ACUCAAACUGUGGGGGCACUUUC
Hsa-Mir-430-P6_pre	NC_000019.10	53787895	53787953	+	CCUCAAAUGUGGAGCACUAUUCUGAUGUCCAAGUGGAAAGUGCUGCGACAUUUGAGCGU	AAAGUGCUGCGACAUUUGAGCGU
Hsa-Mir-430-P7_pre	NC_000019.10	53788710	53788770	+	ACUCAAAAUGGGGGCGCUUUCCUUUUUGUCUGUACUGGGAAGUGCUUCGAUUUUGGGGUGU	GAAGUGCUUCGAUUUUGGGGUGU
Hsa-Mir-935-v1_pre	NC_000019.10	53982325	53982384	+	AGUGGCGGGAGCGGCCCCUCGGCCAUCCUCCGUCUGCCCAGUUACCGCUUCCGCUACCGC	CAGUUACCGCUUCCGCUACCGC
Hsa-Mir-935-v2_pre	NC_000019.10	53982325	53982384	+	AGUGGCGGGAGCGGCCCCUCGGCCAUCCUCCGUCUGCCCAGUUACCGCUUCCGCUACCGC	CCAGUUACCGCUUCCGCUACCGC
Hsa-Mir-1301_pre	NC_000002.12	25328651	25328710	-	GGUCGCUCUAGGCACCGCAGCACUGUGCUGGGGAUGUUGCAGCUGCCUGGGAGUGACUUC	UUGCAGCUGCCUGGGAGUGACUUC
Hsa-Mir-217-v1_pre	NC_000002.12	55982983	55983042	-	UACUGCAUCAGGAACUGAUUGGAUAAGAAUCAGUCACCAUCAGUUCCUAAUGCAUUGCCU	UACUGCAUCAGGAACUGAUUGGAU
Hsa-Mir-217-v2_pre	NC_000002.12	55982983	55983043	-	AUACUGCAUCAGGAACUGAUUGGAUAAGAAUCAGUCACCAUCAGUUCCUAAUGCAUUGCCU	AUACUGCAUCAGGAACUGAUUGGAU
Hsa-Mir-216-P1a_pre	NC_000002.12	55988980	55989041	-	UAAUCUCAGCUGGCAACUGUGAGAUGUUCAUACAAUCCCUCACAGUGGUCUCUGGGAUUAUG	UAAUCUCAGCUGGCAACUGUGAG
Hsa-Mir-216-P1b_pre	NC_000002.12	56000724	56000785	-	AAAUCUCUGCAGGCAAAUGUGAUGUCACUGAGGAAAUCACACACUUACCCGUAGAGAUUCUA	AAAUCUCUGCAGGCAAAUGUGA
Hsa-Mir-3126_pre	NC_000002.12	69103691	69103748	+	UGAGGGACAGAUGCCAGAAGCACUGGUUAUGAUUUGCAUCUGGCAUCCGUCACACAGA	UGAGGGACAGAUGCCAGAAGCA
Hsa-Mir-5000_pre	NC_000002.12	75090834	75090894	+	CCAGUUCAGAAGUGUUCCUGAGUAACUUGUGCUUAUAACUCAGGACACUUCUGAACUUGGA	UCAGGACACUUCUGAACUUGGA
Hsa-Mir-3127_pre	NC_000002.12	96798288	96798345	+	AUCAGGGCUUGUGGAAUGGGAAGGAGAAGGGACGCUUCCCCUUCUGCAGGCCUGCUGG	AUCAGGGCUUGUGGAAUGGGAAG
Hsa-Mir-128-P1_pre	NC_000002.12	135665411	135665466	+	CGGGGCCGUAGCACUGUCUGAGAGGUUUACAUUUCUCACAGUGAACCGGUCUCUUU	UCACAGUGAACCGGUCUCUUU
Hsa-Mir-10-P1b-v1_pre	NC_000002.12	176150329	176150390	+	UACCCUGUAGAACCGAAUUUGUGUGGUAUCCGUAUAGUCACAGAUUCGAUUCUAGGGGAAUA	UACCCUGUAGAACCGAAUUUGU
Hsa-Mir-10-P1b-v2_pre	NC_000002.12	176150330	176150389	+	ACCCUGUAGAACCGAAUUUGUGUGGUAUCCGUAUAGUCACAGAUUCGAUUCUAGGGGAAU	ACCCUGUAGAACCGAAUUUGUG
Hsa-Mir-561_pre	NC_000002.12	188297517	188297573	+	AUCAAGGAUCUUAAACUUUGCCAGAGCUACAAAGGCAAAGUUUAAGAUCCUUGAAGU	AUCAAGGAUCUUAAACUUUGCC
Hsa-Mir-2355_pre	NC_000002.12	207109997	207110063	-	AUCCCCAGAUACAAUGGACAAUAUGCUAUUAUAAUCGUAUGGCAUUGUCCUUGCUGUUUGGAGAUAA	UGUCCUUGCUGUUUGGAGAUAA
Hsa-Mir-26-P1_pre	NC_000002.12	218402657	218402713	+	UUCAAGUAAUUCAGGAUAGGUUGUGUGCUGUCCAGCCUGUUCUCCAUUACUUGGCUC	UUCAAGUAAUUCAGGAUAGGUU
Hsa-Mir-375_pre	NC_000002.12	219001648	219001704	-	GCGACGAGCCCCUCGCACAAACCGGACCUGAGCGUUUUGUUCGUUCGGCUCGCGUGA	UUUGUUCGUUCGGCUCGCGUGA
Hsa-Mir-153-P1_pre	NC_000002.12	219294126	219294185	-	GUCAUUUUUGUGAUCUGCAGCUAGUAUUCUCACUCCAGUUGCAUAGUCACAAAAGUGAUC	UUGCAUAGUCACAAAAGUGAUC
Hsa-Mir-2467_pre	NC_000002.12	239351732	239351793	-	UGAGGCUCUGUUAGCCUUGGCUCUGGGUCCUGCUCCUUAGAGCAGAGGCAGAGAGGCUCAGG	UGAGGCUCUGUUAGCCUUGGCUCU
Hsa-Mir-149_pre	NC_000002.12	240456015	240456076	+	UCUGGCUCCGUGUCUUCACUCCCGUGCUUGUCCGAGGAGGGAGGGAGGGACGGGGGCUGUGC	UCUGGCUCCGUGUCUUCACUCCC
Hsa-Mir-103-P2_pre	NC_000020.11	3917504	3917563	+	AGCUUCUUUACAGUGCUGCCUUGUAGCAUUCAGGUCAAGCAGCAUUGUACAGGGCUAUGA	AGCAGCAUUGUACAGGGCUAUGA
Hsa-Mir-499_pre	NC_000020.11	34990408	34990466	+	UUAAGACUUGCAGUGAUGUUUAACUCCUCUCCACGUGAACAUCACAGCAAGUCUGUGCU	UUAAGACUUGCAGUGAUGUUUA
Hsa-Mir-3617_pre	NC_000020.11	45705109	45705171	-	AAAGACAUAGUUGCAAGAUGGGAUUAGAAACCAUAUGUCUCAUCAGCACCCUAUGUCCUUUCU	AAAGACAUAGUUGCAAGAUGGG
Hsa-Mir-3194_pre	NC_000020.11	51452912	51452968	-	GGCCAGCCACCAGGAGGGCUGCGUGCCACCCGGGCAGCUCUGCUGCUCACUGGCAGU	GGCCAGCCACCAGGAGGGCUGC
Hsa-Mir-296_pre	NC_000020.11	58817626	58817681	-	AGGGCCCCCCCUCAAUCCUGUUGUGCCUAAUUCAGAGGGUUGGGUGGAGGCUCUCC	AGGGCCCCCCCUCAAUCCUGU
Hsa-Mir-1-P1_pre	NC_000020.11	62554312	62554372	+	ACAUACUUCUUUAUAUGCCCAUAUGGACCUGCUAAGCUAUGGAAUGUAAAGAAGUAUGUAU	UGGAAUGUAAAGAAGUAUGUAU
Hsa-Mir-133-P1-v1_pre	NC_000020.11	62564933	62564992	+	AGCUGGUAAAAUGGAACCAAAUCGACUGUCCAAUGGAUUUGGUCCCCUUCAACCAGCUGU	UUUGGUCCCCUUCAACCAGCUGU
Hsa-Mir-133-P1-v2_pre	NC_000020.11	62564933	62564992	+	AGCUGGUAAAAUGGAACCAAAUCGACUGUCCAAUGGAUUUGGUCCCCUUCAACCAGCUGU	UUGGUCCCCUUCAACCAGCUGU
Hsa-Mir-124-P3-v1_pre	NC_000020.11	63178514	63178573	+	CGUGUUCACAGCGGACCUUGAUUUAAUGUCUAUACAAUUAAGGCACGCGGUGAAUGCCAA	UAAGGCACGCGGUGAAUGCCAA
Hsa-Mir-124-P3-v2_pre	NC_000020.11	63178514	63178572	+	CGUGUUCACAGCGGACCUUGAUUUAAUGUCUAUACAAUUAAGGCACGCGGUGAAUGCCA	UUAAGGCACGCGGUGAAUGCCA
Hsa-Mir-1914_pre	NC_000020.11	63941475	63941532	-	CCCUGUGCCCGGCCCACUUCUGCUUCCUCUUAGCGCAGGAGGGGUCCCGCACUGGGAG	CCCUGUGCCCGGCCCACUUCUGC
Hsa-Mir-10-P2c_pre	NC_000021.9	16539101	16539160	+	AACCCGUAGAUCCGAUCUUGUGGUGAAGUGGACCGCACAAGCUCGCUUCUAUGGGUCUGU	AACCCGUAGAUCCGAUCUUGUG
Hsa-Let-7-P1c_pre	NC_000021.9	16539838	16539904	+	UGAGGUAGUAGGUUGUAUGGUUUAGAGUUACACCCUGGGAGUUAACUGUACAACCUUCUAGCUUUCC	UGAGGUAGUAGGUUGUAUGGUU
Hsa-Mir-10-P3c_pre	NC_000021.9	16590253	16590313	+	UCCCUGAGACCCUAACUUGUGAGGUAUUUUAGUAACAUCACAAGUCAGGCUCUUGGGACCU	UCCCUGAGACCCUAACUUGUGA
Hsa-Mir-155_pre	NC_000021.9	25573983	25574043	+	UUAAUGCUAAUCGUGAUAGGGGUUUUUGCCUCCAACUGACUCCUACAUAUUAGCAUUAACA	UUAAUGCUAAUCGUGAUAGGGGUU
Hsa-Mir-459_pre	NC_000021.9	35720731	35720791	+	UCAGUAACAAAGAUUCAUCCUUGUGUCCAUCAUGCAACAAGGAGAAUCUUUGUCACUUAGU	UCAGUAACAAAGAUUCAUCCUUGU
Hsa-Mir-185_pre	NC_000022.11	20033153	20033208	+	UGGAGAGAAAGGCAGUUCCUGAUGGUCCCCUCCCCAGGGGCUGGCUUUCCUCUGGU	UGGAGAGAAAGGCAGUUCCUGA
Hsa-Mir-1286_pre	NC_000022.11	20249145	20249200	-	GACUCAGCUUGCUCUGGCUGCUGGAUUGAAUUAGCUGCAGGACCAAGAUGAGCCCU	UGCAGGACCAAGAUGAGCCCU
Hsa-Mir-130-P2b_pre	NC_000022.11	21652990	21653047	+	GCUCUGACGAGGUUGCACUACUGUGCUCUGAGAAGCAGUGCAAUGAUAUUGUCAAAGC	CAGUGCAAUGAUAUUGUCAAAGC
Hsa-Mir-130-P1b_pre	NC_000022.11	21653316	21653375	+	ACUCUUUCCCUGUUGCACUACUAUAGGCCGCUGGGAAGCAGUGCAAUGAUGAAAGGGCAU	CAGUGCAAUGAUGAAAGGGCAU
Hsa-Mir-3200_pre	NC_000022.11	30731569	30731632	+	AAUCUGAGAAGGCGCACAAGGUUUGUGUCCAAUACAGUCCACACCUUGCGCUACUCAGGUCUGC	CACCUUGCGCUACUCAGGUCUGC
Hsa-Mir-3909_pre	NC_000022.11	35335670	35335731	+	GAGCAGGCUCCGGGGGACAGGGAAAAGCACACAAGGAACUUGUCCUCUAGGGCCUGCAGUCU	UGUCCUCUAGGGCCUGCAGUCU
Hsa-Mir-4766_pre	NC_000022.11	40813892	40813947	-	UCUGAAAGAGCAGUUGGUGUUUAUUUUUUACUAAAUAGCAAUUGCUCUUUUGGAAG	AUAGCAAUUGCUCUUUUGGAAG
Hsa-Mir-33-P1_pre	NC_000022.11	41900949	41901009	+	GUGCAUUGUAGUUGCAUUGCAUGUUCUGGUGGUACCCAUGCAAUGUUUCCACAGUGCAUCA	GUGCAUUGUAGUUGCAUUGCA
Hsa-Mir-1249_pre	NC_000022.11	45200958	45201016	-	AGGAGGGAGGAGAUGGGCCAAGUUCCCUCUGGCUGGAACGCCCUUCCCCCCCUUCUUCA	ACGCCCUUCCCCCCCUUCUUCA
Hsa-Mir-3619_pre	NC_000022.11	46091059	46091112	+	UCAGCAGGCAGGCUGGUGCAGCCCGUGGUGGGGGACCAUCCUGCCUGCUGUGGG	UCAGCAGGCAGGCUGGUGCAGC
Hsa-Let-7-P2a2_pre	NC_000022.11	46112752	46112820	+	UGAGGUAGUAGGUUGUAUAGUUUGGGGCUCUGCCCUGCUAUGGGAUAACUAUACAAUCUACUGUCUUUC	UGAGGUAGUAGGUUGUAUAGUU
Hsa-Let-7-P2b2_pre	NC_000022.11	46113691	46113765	+	UGAGGUAGUAGGUUGUGUGGUUUCAGGGCAGUGAUGUUGCCCCUCGGAAGAUAACUAUACAACCUACUGCCUUCC	UGAGGUAGUAGGUUGUGUGGUU
Hsa-Mir-885_pre	NC_000003.12	10394499	10394552	-	UCCAUUACACUACCCUGCCUCUUCUCCAUGAGAGGCAGCGGGGUGUAGUGGAUA	UCCAUUACACUACCCUGCCUCU
Hsa-Mir-128-P2_pre	NC_000003.12	35744490	35744547	+	GGGGGCCGAUACACUGUACGAGAGUGAGUAGCAGGUCUCACAGUGAACCGGUCUCUUU	UCACAGUGAACCGGUCUCUUU
Hsa-Mir-26-P3_pre	NC_000003.12	37969413	37969473	+	UUCAAGUAAUCCAGGAUAGGCUGUGCAGGUCCCAAUGGGCCUAUUCUUGGUUACUUGCACG	UUCAAGUAAUCCAGGAUAGGCU
Hsa-Mir-138-P1_pre	NC_000003.12	44114234	44114294	+	AGCUGGUGUUGUGAAUCAGGCCGUUGCCAAUCAGAGAACGGCUACUUCACAACACCAGGGC	AGCUGGUGUUGUGAAUCAGGCCG
Hsa-Mir-2115_pre	NC_000003.12	48316380	48316439	-	AGCUUCCAUGACUCCUGAUGGAGGAAUCACAUGAAUUCAUCAGAAUUCAUGGAGGCUAGA	CAUCAGAAUUCAUGGAGGCUAGA
Hsa-Mir-425_pre	NC_000003.12	49020159	49020221	-	AAUGACACGAUCACUCCCGUUGAGUGGGCACCCGAGAAGCCAUCGGGAAUGUCGUGUCCGCCC	AAUGACACGAUCACUCCCGUUG
Hsa-Mir-191_pre	NC_000003.12	49020631	49020694	-	CAACGGAAUCCCAAAAGCAGCUGUUGUCUCCAGAGCAUUCCAGCUGCGCUUGGAUUUCGUCCCC	CAACGGAAUCCCAAAAGCAGCUG
Hsa-Let-7-P2c3_pre	NC_000003.12	52268280	52268357	-	UGAGGUAGUAGUUUGUACAGUUUGAGGGUCUAUGAUACCACCCGGUACAGGAGAUAACUGUACAGGCCACUGCCUUGC	UGAGGUAGUAGUUUGUACAGUU
Hsa-Mir-135-P1_pre	NC_000003.12	52294233	52294292	-	UAUGGCUUUUUAUUCCUAUGUGAUUCUACUGCUCACUCAUAUAGGGAUUGGAGCCGUGGC	UAUGGCUUUUUAUUCCUAUGUGA
Hsa-Mir-3136_pre	NC_000003.12	69048965	69049026	-	CUGACUGAAUAGGUAGGGUCAUUUUUCUGUGACUGCACAUGGCCCAACCUAUUCAGUUAGUU	CUGACUGAAUAGGUAGGGUCAUU
Hsa-Mir-6529_pre	NC_000003.12	120084575	120084635	-	GAGAGAUCAGAGGCGCAGAGUGCGUCAGUGUCAAUGAAGCCUGUGCCUUUUACUUCUUUAA	GAGAGAUCAGAGGCGCAGAGU
Hsa-Mir-15-P1b_pre	NC_000003.12	160404607	160404666	+	UAGCAGCACAUCAUGGUUUACAUGCUACAGUCAAGAUGCGAAUCAUUAUUUGCUGCUCUA	UAGCAGCACAUCAUGGUUUACA
Hsa-Mir-15-P2b_pre	NC_000003.12	160404754	160404818	+	UAGCAGCACGUAAAUAUUGGCGUAGUGAAAUAUAUAUUAAACACCAAUAUUACUGUGCUGCUUUA	UAGCAGCACGUAAAUAUUGGCGU
Hsa-Mir-551-P2_pre	NC_000003.12	168551875	168551934	+	GAAAUCAAGCGUGGGUGAGACCUGGUGCAGAACGGGAAGGCGACCCAUACUUGGUUUCAG	GCGACCCAUACUUGGUUUCAG
Hsa-Mir-28-P1_pre	NC_000003.12	188688794	188688855	+	AAGGAGCUCACAGUCUAUUGAGUUACCUUUCUGACUUUCCCACUAGAUUGUGAGCUCCUGGA	CACUAGAUUGUGAGCUCCUGGA
Hsa-Mir-944_pre	NC_000003.12	189829937	189829996	+	CAUCUGAUAUACAAUAUUUUCUUAAAUUGUAUAAAGAGAAAUUAUUGUACAUCGGAUGAG	AAAUUAUUGUACAUCGGAUGAG
Hsa-Mir-95-P1_pre	NC_000004.12	8005312	8005368	-	CUCAAUAAAUGUCUGUUGAAUUGAAAUGCGUUACAUUCAACGGGUAUUUAUUGAGCA	UUCAACGGGUAUUUAUUGAGCA
Hsa-Mir-3138_pre	NC_000004.12	10078620	10078681	-	ACUUCCCCCACCUCACUGCCCGGGUGCCCACAAGACUGUGGACAGUGAGGUAGAGGGAGUGC	ACAGUGAGGUAGAGGGAGUGC
Hsa-Mir-218-P1_pre	NC_000004.12	20528299	20528362	+	UUGUGCUUGAUCUAACCAUGUGGUUGCGAGGUAUGAGUAAAACAUGGUUCCGUCAAGCACCAUG	UUGUGCUUGAUCUAACCAUGUG
Hsa-Mir-574_pre	NC_000004.12	38868056	38868113	+	UGAGUGUGUGUGUGUGAGUGUGUGUCGCUCCGGGUCCACGCUCAUGCACACACCCACA	CACGCUCAUGCACACACCCACA
Hsa-Mir-1269_pre	NC_000004.12	66276848	66276911	+	AGUUGGCAUGGCUCAGUCCAAGUCUGACCACCUGAGGAAUGCCUGGACUGAGCCGUGCUACUGG	CUGGACUGAGCCGUGCUACUGG
Hsa-Mir-576_pre	NC_000004.12	109488713	109488774	+	AUUCUAAUUUCUCCACGUCUUUGGUAAUAAGGUUUGGCAAAGAUGUGGAAAAAUUGGAAUCC	AUUCUAAUUUCUCCACGUCUUUG
Hsa-Mir-92-P2a_pre	NC_000004.12	112647877	112647936	-	ACUGUUGCUAAUAUGCAACUCUGUUGAAUAUAAAUUGGAAUUGCACUUUAGCAAUGGUGA	AAUUGCACUUUAGCAAUGGUGA
Hsa-Mir-430-P4_pre	NC_000004.12	112648006	112648066	-	ACUUUAACAUGGAGGCACUUGCUGUGACAUGACAAAAAUAAGUGCUUCCAUGUUUGAGUGU	UAAGUGCUUCCAUGUUUGAGUGU
Hsa-Mir-430-P1_pre	NC_000004.12	112648186	112648246	-	ACUUAAACGUGGAUGUACUUGCUUUGAAACUAAAGAAGUAAGUGCUUCCAUGUUUUGGUGA	UAAGUGCUUCCAUGUUUUGGUGA
Hsa-Mir-430-P3_pre	NC_000004.12	112648368	112648423	-	UUUAACAUGGGGGUACCUGCUGUGUGAAACAAAAGUAAGUGCUUCCAUGUUUCAGU	UAAGUGCUUCCAUGUUUCAGU
Hsa-Mir-430-P2_pre	NC_000004.12	112648489	112648547	-	ACUUUAACAUGGAAGUGCUUUCUGUGACUUUAAAAGUAAGUGCUUCCAUGUUUUAGUAG	UAAGUGCUUCCAUGUUUUAGUAG
Hsa-Mir-577_pre	NC_000004.12	114656773	114656831	+	GUAGAUAAAAUAUUGGUACCUGAUGAAUCUGAGGCCAGGUUUCAAUACUUUAUCUGCUC	GUAGAUAAAAUAUUGGUACCUG
Hsa-Mir-3140_pre	NC_000004.12	152489337	152489405	-	ACCUGAAUUACCAAAAGCUUUAUGUAUUCUGAAGUUAUUGAAAAUAAGAGCUUUUGGGAAUUCAGGUAG	AGCUUUUGGGAAUUCAGGUAG
Hsa-Mir-4637_pre	NC_000005.10	14825932	14826007	-	ACUUGGAUCUGCAAUUAGUAUUUUAAUCAUAGAUUGUAUUUAGUUAGUUUUUAAUACUAACUGCAGAUUCAAGUGA	UACUAACUGCAGAUUCAAGUGA
Hsa-Mir-887_pre	NC_000005.10	15935189	15935253	+	UCCUUGGGAGCCCUGUUAGACUCUGGAUUUUACACUUGGAGUGAACGGGCGCCAUCCCGAGGCUU	GUGAACGGGCGCCAUCCCGAGGCUU
Hsa-Mir-579_pre	NC_000005.10	32394392	32394451	-	UCGCGGUUUGUGCCAGAUGACGAUUUGAAUUAAUAAAUUCAUUUGGUAUAAACCGCGAUU	UCGCGGUUUGUGCCAGAUGACGA
Hsa-Mir-580_pre	NC_000005.10	36147907	36147967	-	UAAUGAUUCAUCAGACUCAGAUAUUUAAGUUAACAGUAUUUGAGAAUGAUGAAUCAUUAGG	UUGAGAAUGAUGAAUCAUUAGG
Hsa-Mir-34-P3a_pre	NC_000005.10	55170546	55170607	-	UGGCAGUGUAUUGUUAGCUGGUUGAAUAUGUGAAUGGCAUCGGCUAACAUGCAACUGCUGUC	UGGCAGUGUAUUGUUAGCUGGU
Hsa-Mir-34-P3b_pre	NC_000005.10	55170668	55170727	-	AGGCAGUGUAUUGUUAGCUGGCUGCUUGGGUCAAGUCAGCAGCCACAACUACCCUGCCAC	AGGCAGUGUAUUGUUAGCUGGCUGCU
Hsa-Mir-34-P3c_pre	NC_000005.10	55172279	55172336	-	AGGCAGUGUAUUGCUAGCGGCUGUUAAUGAUUUUAACAGUUGCUAGUUGCACUCCUCU	AGGCAGUGUAUUGCUAGCGGCUGUU
Hsa-Mir-5687_pre	NC_000005.10	55508859	55508916	-	CUGACUCUGAAAUCUUCUAAAUGGUACCCACUUUAUUUAGAACGUUUUAGGGUCAAAU	UUAGAACGUUUUAGGGUCAAAU
Hsa-Mir-582_pre	NC_000005.10	59703629	59703688	-	UUACAGUUGUUCAACCAGUUACUAAUCUAACUAAUUGUAACUGGUUGAACAACUGAACCC	UAACUGGUUGAACAACUGAACCC
Hsa-Mir-9-P2_pre	NC_000005.10	88666866	88666924	-	UCUUUGGUUAUCUAGCUGUAUGAGUGUAUUGGUCUUCAUAAAGCUAGAUAACCGAAAGU	UCUUUGGUUAUCUAGCUGUAUGA
Hsa-Mir-2277_pre	NC_000005.10	93620709	93620771	-	AGCGCGGGCUGAGCGCUGCCAGUCAGCGCUCACAUUAAGGCUGACAGCGCCCUGCCUGGCUCG	AGCGCGGGCUGAGCGCUGCCAGUC
Hsa-Mir-874_pre	NC_000005.10	137647581	137647640	-	CGGCCCCACGCACCAGGGUAAGAGAGACUCUCGCUUCCUGCCCUGGCCCGAGGGACCGAC	CUGCCCUGGCCCGAGGGACCGAC
Hsa-Mir-584_pre	NC_000005.10	149062333	149062394	-	UUAUGGUUUGCCUGGGACUGAGGAAUUUGCUGGGAUAUGUCAGUUCCAGGCCAACCAGGCUG	UUAUGGUUUGCCUGGGACUGA
Hsa-Mir-143_pre	NC_000005.10	149428944	149428998	+	GGUGCAGUGCUGCAUCUCUGGUCAGUUGGGAGUCUGAGAUGAAGCACUGUAGCUC	UGAGAUGAAGCACUGUAGCUC
Hsa-Mir-145_pre	NC_000005.10	149430661	149430720	+	GUCCAGUUUUCCCAGGAAUCCCUUAGAUGCUAAGAUGGGGAUUCCUGGAAAUACUGUUCU	GUCCAGUUUUCCCAGGAAUCCCU
Hsa-Mir-378_pre	NC_000005.10	149732829	149732888	+	CUCCUGACUCCAGGUCCUGUGUGUUACCUAGAAAUAGCACUGGACUUGGAGUCAGAAGGC	ACUGGACUUGGAGUCAGAAGGC
Hsa-Mir-1294_pre	NC_000005.10	154347153	154347211	+	UGUGAGGUUGGCAUUGUUGUCUGGCAUUGUCUGAUAUACAACAGUGCCAACCUCACAGG	UGUGAGGUUGGCAUUGUUGUCU
Hsa-Mir-146-P1_pre	NC_000005.10	160485372	160485429	+	UGAGAACUGAAUUCCAUGGGUUGUGUCAGUGUCAGACCUCUGAAAUUCAGUUCUUCAG	UGAGAACUGAAUUCCAUGGGUUG
Hsa-Mir-103-P1_pre	NC_000005.10	168560904	168560963	-	GGCUUCUUUACAGUGCUGCCUUGUUGCAUAUGGAUCAAGCAGCAUUGUACAGGGCUAUGA	AGCAGCAUUGUACAGGGCUAUGA
Hsa-Mir-218-P2_pre	NC_000005.10	168768168	168768231	-	UUGUGCUUGAUCUAACCAUGUGGUGGAACGAUGGAAACGGAACAUGGUUCUGUCAAGCACCGCG	UUGUGCUUGAUCUAACCAUGU
Hsa-Mir-585_pre	NC_000005.10	169263613	169263670	-	CUAGCACACAGAUACGCCCAGAGAAAGCCUGAACGUUGGGCGUAUCUGUAUGCUAGGG	UGGGCGUAUCUGUAUGCUAGGG
Hsa-Mir-1271_pre	NC_000005.10	176367960	176368017	+	CUUGGCACCUAGCAAGCACUCAGUAAAUAUUUGUUGAGUGCCUGCUAUGUGCCAGGCA	CUUGGCACCUAGCAAGCACUCA
Hsa-Mir-340_pre	NC_000005.10	180015318	180015382	-	UUAUAAAGCAAUGAGACUGAUUGUCAUAUGUCGUUUGUGGGAUCCGUCUCAGUUACUUUAUAGCC	UUAUAAAGCAAUGAGACUGAUU
Hsa-Mir-5683_pre	NC_000006.12	6169343	6169402	+	UACAGAUGCAGAUUCUCUGACUUCUUACUGCACCAGUGAAGUCAGGAUCUGCAUUUGAAU	UACAGAUGCAGAUUCUCUGACUUC
Hsa-Mir-219-P1_pre	NC_000006.12	33207855	33207918	+	UGAUUGUCCAAACGCAAUUCUCGAGUCUAUGGCUCCGGCCGAGAGUUGAGUCUGGACGUCCCGA	AGAGUUGAGUCUGGACGUCCCGA
Hsa-Mir-3934_pre	NC_000006.12	33698152	33698212	+	UCAGGUGUGGAAACUGAGGCAGGAGGCAGUGAAGUAACUUGCUCAGGUUGCACAGCUGGGA	UCAGGUGUGGAAACUGAGGCAGG
Hsa-Mir-1-P3_pre	NC_000006.12	52144363	52144422	+	ACAUGCUUCUUUAUAUCCCCAUAUGGAUUACUUUGCUAUGGAAUGUAAGGAAGUGUGUGG	UGGAAUGUAAGGAAGUGUGUGG
Hsa-Mir-133-P3-v1_pre	NC_000006.12	52148951	52149009	+	GCUGGUCAAACGGAACCAAGUCCGUCUUCCUGAGAGGUUUGGUCCCCUUCAACCAGCUA	UUUGGUCCCCUUCAACCAGCUA
Hsa-Mir-133-P3-v2_pre	NC_000006.12	52148951	52149009	+	GCUGGUCAAACGGAACCAAGUCCGUCUUCCUGAGAGGUUUGGUCCCCUUCAACCAGCUA	UUGGUCCCCUUCAACCAGCUA
Hsa-Mir-30-P2a_pre	NC_000006.12	71376964	71377025	-	UGUAAACAUCCUACACUCUCAGCUGUGGAAAGUAAGAAAGCUGGGAGAAGGCUGUUUACUCU	UGUAAACAUCCUACACUCUCAGCU
Hsa-Mir-30-P1a_pre	NC_000006.12	71403554	71403616	-	UGUAAACAUCCUCGACUGGAAGCUGUGAAGCCACAGAUGGGCUUUCAGUCGGAUGUUUGCAGC	UGUAAACAUCCUCGACUGGAAGCU
Hsa-Mir-3144-v1_pre	NC_000006.12	120015190	120015247	+	AAGGGGACCAAAGAGAUAUAUAGAUAUCAGCUACCUAUAUACCUGUUCGGUCUCUUUA	AAGGGGACCAAAGAGAUAUAUA
Hsa-Mir-3144-v2_pre	NC_000006.12	120015191	120015247	+	AGGGGACCAAAGAGAUAUAUAGAUAUCAGCUACCUAUAUACCUGUUCGGUCUCUUUA	AGGGGACCAAAGAGAUAUAUA
Hsa-Mir-3145_pre	NC_000006.12	138435222	138435283	-	AACUCCAAACACUCAAAACUCAUUGUUGAAUGGAAUGAGAUAUUUUGAGUGUUUGGAAUUGA	AGAUAUUUUGAGUGUUUGGAAUUGA
Hsa-Mir-1913_pre	NC_000006.12	166509364	166509422	-	CCGGCAGAGGAGGCUGCAGAGGCUGGCUUUCCAAAACUCUGCCCCCUCCGCUGCUGCCA	CCGGCAGAGGAGGCUGCAGAGG
Hsa-Mir-339_pre	NC_000007.14	1022955	1023012	-	UCCCUGUCCUCCAGGAGCUCACGUGUGCCUGCCUGUGAGCGCCUCGACGACAGAGCCG	UGAGCGCCUCGACGACAGAGCCG
Hsa-Mir-589_pre	NC_000007.14	5495834	5495894	-	UGAGAACCACGUCUGCUCUGAGCUGGGUACUGCCUGUUCAGAACAAAUGCCGGUUCCCAGA	UGAGAACCACGUCUGCUCUGAGC
Hsa-Mir-3146_pre	NC_000007.14	19705365	19705427	-	CUUCUUUCUAUCCUAGUAUAACUUGAAGAAUUCAAAUAGUCAUGCUAGGAUAGAAAGAAUGGG	CAUGCUAGGAUAGAAAGAAUGGG
Hsa-Mir-148-P1_pre	NC_000007.14	25949922	25949981	-	AAAGUUCUGAGACACUCCGACUCUGAGUAUGAUAGAAGUCAGUGCACUACAGAACUUUGU	UCAGUGCACUACAGAACUUUGU
Hsa-Mir-196-P3_pre	NC_000007.14	27169492	27169549	-	UAGGUAGUUUCCUGUUGUUGGGAUCCACCUUUCUCUCGACAGCACGACACUGCCUUCA	UAGGUAGUUUCCUGUUGUUGGGA
Hsa-Mir-550-P3_pre	NC_000007.14	29680747	29680808	-	AGUGCCUGAGGGAGUAAGAGUCCUGUUGUUGUAAGAUAGUGUCUUACUCCCUCAGGCACAUC	UGUCUUACUCCCUCAGGCACAUC
Hsa-Mir-550-P1_pre	NC_000007.14	30289815	30289876	+	AGUGCCUGAGGGAGUAAGAGCCCUGUUGUUGUAAGAUAGUGUCUUACUCCCUCAGGCACAUC	UGUCUUACUCCCUCAGGCACAUC
Hsa-Mir-550-P2_pre	NC_000007.14	32733002	32733063	+	AGUGCCUGAGGGAGUAAGAGCCCUGUUGUUGUCAGAUAGUGUCUUACUCCCUCAGGCACAUC	UGUCUUACUCCCUCAGGCACAUC
Hsa-Mir-590_pre	NC_000007.14	74191213	74191273	+	GAGCUUAUUCAUAAAAGUGCAGUAUGGUGAAGUCAAUCUGUAAUUUUAUGUAUAAGCUAGU	UAAUUUUAUGUAUAAGCUAGU
Hsa-Mir-653_pre	NC_000007.14	93482784	93482840	-	UUGAAACAAUCUCUACUGAACCAGCUUCAAACAAGUUCACUGGAGUUUGUUUCAAUA	UUGAAACAAUCUCUACUGAACC
Hsa-Mir-489-v2_pre	NC_000007.14	93483946	93484007	-	UGGUCGUAUGUGUGACGCCAUUUACUUGAACCUUUAGGAGUGACAUCACAUAUACGGCAGCU	UGACAUCACAUAUACGGCAGCU
Hsa-Mir-489-v1_pre	NC_000007.14	93483947	93484006	-	GGUCGUAUGUGUGACGCCAUUUACUUGAACCUUUAGGAGUGACAUCACAUAUACGGCAGC	GUGACAUCACAUAUACGGCAGC
Hsa-Mir-92-P2c_pre	NC_000007.14	100093571	100093630	-	AGGCGGAGACUUGGGCAAUUGCUGGACGCUGCCCUGGGCAUUGCACUUGUCUCGGUCUGA	CAUUGCACUUGUCUCGGUCUGA
Hsa-Mir-17-P1c_pre	NC_000007.14	100093776	100093837	-	CAAAGUGCUGUUCGUGCAGGUAGUGUGAUUACCCAACCUACUGCUGAGCUAGCACUUCCCGA	CAAAGUGCUGUUCGUGCAGGUAG
Hsa-Mir-17-P3c_pre	NC_000007.14	100094003	100094063	-	UAAAGUGCUGACAGUGCAGAUAGUGGUCCUCUCCGUGCUACCGCACUGUGGGUACUUGCUG	CCGCACUGUGGGUACUUGCUG
Hsa-Mir-592_pre	NC_000007.14	127058109	127058169	-	UUGUGUCAAUAUGCGAUGAUGUGUUGUGAUGGCACAGCGUCAUCACGUGGUGACGCAACAU	UUGUGUCAAUAUGCGAUGAUGU
Hsa-Mir-129-P1_pre	NC_000007.14	128207876	128207941	+	CUUUUUGCGGUCUGGGCUUGCUGUUCCUCUCAACAGUAGUCAGGAAGCCCUUACCCCAAAAAGUAU	CUUUUUGCGGUCUGGGCUUGC
Hsa-Mir-96-P2_pre	NC_000007.14	129770406	129770470	-	UUUGGCAAUGGUAGAACUCACACUGGUGAGGUAACAGGAUCCGGUGGUUCUAGACUUGCCAACUA	UUUGGCAAUGGUAGAACUCACACU
Hsa-Mir-96-P1_pre	NC_000007.14	129774698	129774761	-	UUUGGCACUAGCACAUUUUUGCUUGUGUCUCUCCGCUCUGAGCAAUCAUGUGCAGUGCCAAUAU	UUUGGCACUAGCACAUUUUUGCU
Hsa-Mir-96-P3-v1_pre	NC_000007.14	129774927	129774988	-	UAUGGCACUGGUAGAAUUCACUGUGAACAGUCUCAGUCAGUGAAUUACCGAAGGGCCAUAAA	UAUGGCACUGGUAGAAUUCACU
Hsa-Mir-96-P3-v2_pre	NC_000007.14	129774928	129774987	-	AUGGCACUGGUAGAAUUCACUGUGAACAGUCUCAGUCAGUGAAUUACCGAAGGGCCAUAA	AUGGCACUGGUAGAAUUCACUG
Hsa-Mir-335_pre	NC_000007.14	130496126	130496183	+	UCAAGAGCAAUAACGAAAAAUGUUUGUCAUAAACCGUUUUUCAUUAUUGCUCCUGACC	UCAAGAGCAAUAACGAAAAAUG
Hsa-Mir-29-P1a_pre	NC_000007.14	130876748	130876807	-	ACUGAUUUCUUUUGGUGUUCAGAGUCAAUAUAAUUUUCUAGCACCAUCUGAAAUCGGUUA	UAGCACCAUCUGAAAUCGGUUA
Hsa-Mir-29-P2a_pre	NC_000007.14	130877467	130877530	-	GCUGGUUUCAUAUGGUGGUUUAGAUUUAAAUAGUGAUUGUCUAGCACCAUUUGAAAUCAGUGUU	UAGCACCAUUUGAAAUCAGUGUU
Hsa-Mir-490_pre	NC_000007.14	136903205	136903264	+	CCAUGGAUCUCCAGGUGGGUCAAGUUUAGAGAUGCACCAACCUGGAGGACUCCAUGCUGU	CAACCUGGAGGACUCCAUGCUGU
Hsa-Mir-671_pre	NC_000007.14	151238449	151238508	+	AGGAAGCCCUGGAGGGGCUGGAGGUGAUGGAUGUUUUCCUCCGGUUCUCAGGGCUCCACC	UCCGGUUCUCAGGGCUCCACC
Hsa-Mir-153-P2_pre	NC_000007.14	157574349	157574409	-	GUCAUUUUUGUGAUGUUGCAGCUAGUAAUAUGAGCCCAGUUGCAUAGUCACAAAAGUGAUC	UUGCAUAGUCACAAAAGUGAUC
Hsa-Mir-597_pre	NC_000008.11	9741687	9741748	+	UGUGUCACUCGAUGACCACUGUGAAGACAGUAAAAUGUACAGUGGUUCUCUUGUGGCUCAAG	AGUGGUUCUCUUGUGGCUCAAG
Hsa-Mir-124-P1-v1_pre	NC_000008.11	9903399	9903459	-	CGUGUUCACAGCGGACCUUGAUUUAAAUGUCCAUACAAUUAAGGCACGCGGUGAAUGCCAA	UAAGGCACGCGGUGAAUGCCAA
Hsa-Mir-124-P1-v2_pre	NC_000008.11	9903400	9903459	-	CGUGUUCACAGCGGACCUUGAUUUAAAUGUCCAUACAAUUAAGGCACGCGGUGAAUGCCA	UUAAGGCACGCGGUGAAUGCCA
Hsa-Mir-598_pre	NC_000008.11	11035221	11035279	-	GCGGUGAUCCCGAUGGUGUGAGCUGGAAAUGGGGUGCUACGUCAUCGUUGUCAUCGUCA	UACGUCAUCGUUGUCAUCGUCA
Hsa-Mir-383-v1_pre	NC_000008.11	14853443	14853504	-	AGAUCAGAAGGUGAUUGUGGCUUUGGGUGGAUAUUAAUCAGCCACAGCACUGCCUGGUCAGA	AGAUCAGAAGGUGAUUGUGGCU
Hsa-Mir-383-v2_pre	NC_000008.11	14853443	14853505	-	CAGAUCAGAAGGUGAUUGUGGCUUUGGGUGGAUAUUAAUCAGCCACAGCACUGCCUGGUCAGA	CAGAUCAGAAGGUGAUUGUGGCU
Hsa-Mir-3622_pre	NC_000008.11	27701690	27701748	+	CAGGCACGGGAGCUCAGGUGAGGCAGGGAGCUGAGCUCACCUGACCUCCCAUGCCUGUG	CAGGCACGGGAGCUCAGGUGAG
Hsa-Mir-486_pre	NC_000008.11	41660442	41660505	-	UCCUGUACUGAGCUGCCCCGAGGCCCUUCAUGCUGCCCAGCUCGGGGCAGCUCAGUACAGGAUA	UCCUGUACUGAGCUGCCCCGAG
Hsa-Mir-124-P2-v1_pre	NC_000008.11	64379173	64379231	+	CGUGUUCACAGCGGACCUUGAUUUAAUGUCAUACAAUUAAGGCACGCGGUGAAUGCCAA	UAAGGCACGCGGUGAAUGCCAA
Hsa-Mir-124-P2-v2_pre	NC_000008.11	64379173	64379230	+	CGUGUUCACAGCGGACCUUGAUUUAAUGUCAUACAAUUAAGGCACGCGGUGAAUGCCA	UUAAGGCACGCGGUGAAUGCCA
Hsa-Mir-4661_pre	NC_000008.11	91205494	91205552	+	AACUAGCUCUGUGGAUCCUGACAGACAGCCUGAUAGACAGGAUCCACAGAGCUAGUCCA	AACUAGCUCUGUGGAUCCUGAC
Hsa-Mir-599_pre	NC_000008.11	99536649	99536707	-	UUUGAUAAGCUGACAUGGGACAGGGAUUCUUUUCACUGUUGUGUCAGUUUAUCAAACCC	UUUGAUAAGCUGACAUGGGACA
Hsa-Mir-875_pre	NC_000008.11	99536796	99536851	-	UAUACCUCAGUUUUAUCAGGUGUUCUUAAAAUCACCUGGAAACACUGAGGUUGUGU	UAUACCUCAGUUUUAUCAGGUG
Hsa-Mir-4662_pre	NC_000008.11	124821990	124822048	+	UUAGCCAAUUGUCCAUCUUUAGCUAUUCUGAAUGCCUAAAGAUAGACAAUUGGCUAAAU	UUAGCCAAUUGUCCAUCUUUAG
Hsa-Mir-30-P2c_pre	NC_000008.11	134800532	134800591	-	UGUAAACAUCCUACACUCAGCUGUAAUACAUGGAUUGGCUGGGAGGUGGAUGUUUACUUC	UGUAAACAUCCUACACUCAGCU
Hsa-Mir-30-P1c_pre	NC_000008.11	134804879	134804940	-	UGUAAACAUCCCCGACUGGAAGCUGUAAGACACAGCUAAGCUUUCAGUCAGAUGUUUGCUGC	UGUAAACAUCCCCGACUGGAAGCU
Hsa-Mir-28-P2_pre	NC_000008.11	140732586	140732643	-	UCGAGGAGCUCACAGUCUAGUAUGUCUCAUCCCCUACUAGACUGAAGCUCCUUGAGGA	CUAGACUGAAGCUCCUUGAGGA
Hsa-Mir-4664_pre	NC_000008.11	143733089	143733144	-	UGGGGUGCCCACUCCGCAAGUUAUCACUGAGCGACUUCCGGUCUGUGAGCCCCGUC	CUUCCGGUCUGUGAGCCCCGUC
Hsa-Mir-101-P2-v2_pre	NC_000009.12	4850308	4850366	+	UCGGUUAUCAUGGUACCGAUGCUGUAUAUCUGAAAGGUACAGUACUGUGAUAACUGAAG	UACAGUACUGUGAUAACUGAAG
Hsa-Mir-101-P2-v1_pre	NC_000009.12	4850309	4850365	+	CGGUUAUCAUGGUACCGAUGCUGUAUAUCUGAAAGGUACAGUACUGUGAUAACUGAA	GUACAGUACUGUGAUAACUGAA
Hsa-Mir-491_pre	NC_000009.12	20716120	20716175	+	AGUGGGGAACCCUUCCAUGAGGAGUAGAACACUCCUUAUGCAAGAUUCCCUUCUAC	AGUGGGGAACCCUUCCAUGAGGA
Hsa-Mir-31_pre	NC_000009.12	21512120	21512178	-	AGGCAAGAUGCUGGCAUAGCUGUUGAACUGGGAACCUGCUAUGCCAACAUAUUGCCAUC	AGGCAAGAUGCUGGCAUAGCUGU
Hsa-Mir-876_pre	NC_000009.12	28863636	28863694	-	GAUUUCUUUGUGAAUCACCAUAUCUAAGCUAAUGUGGUGGUGGUUUACAAAGUAAUUCA	UGGUGGUUUACAAAGUAAUUCA
Hsa-Mir-873-v1_pre	NC_000009.12	28888888	28888946	-	UGCAGGAACUUGUGAGUCUCCUAUUGAAAAUGAACAGGAGACUGAUGAGUUCCCGGGAA	GAGACUGAUGAGUUCCCGGGAA
Hsa-Mir-873-v2_pre	NC_000009.12	28888889	28888945	-	GCAGGAACUUGUGAGUCUCCUAUUGAAAAUGAACAGGAGACUGAUGAGUUCCCGGGA	GCAGGAACUUGUGAGUCUCCUA
Hsa-Mir-204-P1_pre	NC_000009.12	70809993	70810052	-	UUCCCUUUGUCAUCCUAUGCCUGAGAAUAUAUGAAGGAGGCUGGGAAGGCAAAGGGACGU	UUCCCUUUGUCAUCCUAUGCCU
Hsa-Mir-7-P1_pre	NC_000009.12	83969771	83969834	-	UGGAAGACUAGUGAUUUUGUUGUUUUUAGAUAACUAAAUCGACAACAAAUCACAGUCUGCCAUA	UGGAAGACUAGUGAUUUUGUUGUU
Hsa-Let-7-P2a1_pre	NC_000009.12	94175962	94176033	+	UGAGGUAGUAGGUUGUAUAGUUUUAGGGUCACACCCACCACUGGGAGAUAACUAUACAAUCUACUGUCUUUC	UGAGGUAGUAGGUUGUAUAGUU
Hsa-Let-7-P2b1_pre	NC_000009.12	94176353	94176429	+	UGAGGUAGUAGAUUGUAUAGUUGUGGGGUAGUGAUUUUACCCUGUUCAGGAGAUAACUAUACAAUCUAUUGCCUUCC	UGAGGUAGUAGAUUGUAUAGUU
Hsa-Let-7-P2c1_pre	NC_000009.12	94178841	94178915	+	AGAGGUAGUAGGUUGCAUAGUUUUAGGGCAGGGAUUUUGCCCACAAGGAGGUAACUAUACGACCUGCUGCCUUUC	AGAGGUAGUAGGUUGCAUAGUU
Hsa-Mir-23-P2_pre	NC_000009.12	95085227	95085287	+	UGGGUUCCUGGCAUGCUGAUUUGUGACUUAAGAUUAAAAUCACAUUGCCAGGGAUUACCAC	AUCACAUUGCCAGGGAUUACCAC
Hsa-Mir-27-P2_pre	NC_000009.12	95085463	95085525	+	AGAGCUUAGCUGAUUGGUGAACAGUGAUUGGUUUCCGCUUUGUUCACAGUGGCUAAGUUCUGC	UUCACAGUGGCUAAGUUCUGC
Hsa-Mir-24-P2_pre	NC_000009.12	95086026	95086085	+	GUGCCUACUGAGCUGAUAUCAGUUCUCAUUUUACACACUGGCUCAGUUCAGCAGGAACAG	UGGCUCAGUUCAGCAGGAACAG
Hsa-Mir-32_pre	NC_000009.12	109046232	109046293	-	UAUUGCACAUUACUAAGUUGCAUGUUGUCACGGCCUCAAUGCAAUUUAGUGUGUGUGAUAUU	UAUUGCACAUUACUAAGUUGCA
Hsa-Mir-455_pre	NC_000009.12	114209449	114209506	+	UAUGUGCCUUUGGACUACAUCGUGGAAGCCAGCACCAUGCAGUCCAUGGGCAUAUACA	UAUGUGCCUUUGGACUACAUCG
Hsa-Mir-181-P1b_pre	NC_000009.12	124692480	124692539	+	AACAUUCAACGCUGUCGGUGAGUUUGGGAUUUGAAAAAACCACUGACCGUUGACUGUACC	AACAUUCAACGCUGUCGGUGAGU
Hsa-Mir-181-P2b_pre	NC_000009.12	124693725	124693784	+	AACAUUCAUUGCUGUCGGUGGGUUUGAGUCUGAAUCAACUCACUGAUCAAUGAAUGCAAA	AACAUUCAUUGCUGUCGGUGGGUU
Hsa-Mir-199-P1-v1_pre	NC_000009.12	128244745	128244805	-	CCCAGUGUUUAGACUAUCUGUUCAGGACUCCCAAAUUGUACAGUAGUCUGCACAUUGGUUA	ACAGUAGUCUGCACAUUGGUUA
Hsa-Mir-199-P1-v2_pre	NC_000009.12	128244745	128244805	-	CCCAGUGUUUAGACUAUCUGUUCAGGACUCCCAAAUUGUACAGUAGUCUGCACAUUGGUUA	UACAGUAGUCUGCACAUUGGUUA
Hsa-Mir-199-P1-v3_pre	NC_000009.12	128244745	128244805	-	CCCAGUGUUUAGACUAUCUGUUCAGGACUCCCAAAUUGUACAGUAGUCUGCACAUUGGUUA	CAGUAGUCUGCACAUUGGUUA
Hsa-Mir-219-P2_pre	NC_000009.12	128392632	128392696	-	UGAUUGUCCAAACGCAAUUCUUGUACGAGUCUGCGGCCAACCGAGAAUUGUGGCUGGACAUCUGU	AGAAUUGUGGCUGGACAUCUGU
Hsa-Mir-219-P2-as_pre	NC_000009.12	128392634	128392698	+	AGAUGUCCAGCCACAAUUCUCGGUUGGCCGCAGACUCGUACAAGAAUUGCGUUUGGACAAUCAGU	AGAAUUGCGUUUGGACAAUCAGU
Hsa-Mir-126-v1_pre	NC_000009.12	136670616	136670674	+	CAUUAUUACUUUUGGUACGCGCUGUGACACUUCAAACUCGUACCGUGAGUAAUAAUGCG	CAUUAUUACUUUUGGUACGCG
Hsa-Mir-126-v2_pre	NC_000009.12	136670616	136670674	+	CAUUAUUACUUUUGGUACGCGCUGUGACACUUCAAACUCGUACCGUGAGUAAUAAUGCG	UCGUACCGUGAGUAAUAAUGCG
Hsa-Mir-126-v3_pre	NC_000009.12	136670616	136670674	+	CAUUAUUACUUUUGGUACGCGCUGUGACACUUCAAACUCGUACCGUGAGUAAUAAUGCG	CUCGUACCGUGAGUAAUAAUGCG
Hsa-Mir-3690_pre	NC_000023.11	1293927	1293985	+	ACCUGGACCCAGCGUAGACAAAGAGGUGUUUCUACUCCAUAUCUACCUGGACCCAGUGU	ACCUGGACCCAGCGUAGACAAAGA
Hsa-Mir-651_pre	NC_000023.11	8126980	8127039	+	UUUAGGAUAAGCUUGACUUUUGUUCAAAUAAAAAUGCAAAAGGAAAGUGUAUCCUAAAAG	UUUAGGAUAAGCUUGACUUUUG
Hsa-Mir-221-P1_pre	NC_000023.11	45746180	45746242	-	ACCUGGCAUACAAUGUAGAUUUCUGUGUUCGUUAGGCAACAGCUACAUUGUCUGCUGGGUUUC	AGCUACAUUGUCUGCUGGGUUUC
Hsa-Mir-221-P2_pre	NC_000023.11	45747033	45747096	-	GGCUCAGUAGCCAGUGUAGAUCCUGUCUUUCGUAAUCAGCAGCUACAUCUGGCUACUGGGUCUC	AGCUACAUCUGGCUACUGGGUCUC
Hsa-Mir-188-P2_pre	NC_000023.11	50003167	50003225	+	CAUGCCUUGAGUGUAGGACCGUUGGCAUCUUAAUUACCCUCCCACACCCAAGGCUUGCA	CAUGCCUUGAGUGUAGGACCGU
Hsa-Mir-188-P1_pre	NC_000023.11	50003517	50003576	+	CAUCCCUUGCAUGGUGGAGGGUGAGCUUUCUGAAAACCCCUCCCACAUGCAGGGUUUGCA	CAUCCCUUGCAUGGUGGAGGGU
Hsa-Mir-362-P2-v1_pre	NC_000023.11	50008443	50008504	+	UAAUCCUUGCUACCUGGGUGAGAGUGCUGUCUGAAUGCAAUGCACCUGGGCAAGGAUUCUGA	AUGCACCUGGGCAAGGAUUCUGA
Hsa-Mir-362-P2-v2_pre	NC_000023.11	50008443	50008504	+	UAAUCCUUGCUACCUGGGUGAGAGUGCUGUCUGAAUGCAAUGCACCUGGGCAAGGAUUCUGA	AAUGCACCUGGGCAAGGAUUCUGA
Hsa-Mir-362-P1_pre	NC_000023.11	50008968	50009026	+	AAUCCUUGGAACCUAGGUGUGAGUGCUAUUUCAGUGCAACACACCUAUUCAAGGAUUCA	AAUCCUUGGAACCUAGGUGUGAGUGC
Hsa-Mir-362-P3_pre	NC_000023.11	50009735	50009794	+	AAUCCUUUGUCCCUGGGUGAGAGUGCUUUCUGAAUGCAAUGCACCCGGGCAAGGAUUCUG	AAUGCACCCGGGCAAGGAUUCUG
Hsa-Mir-362-P5_pre	NC_000023.11	50010681	50010742	+	UAAUCCUUGCUACCUGGGUGAGAGUGCUUUCUGAAUGCAGUGCACCCAGGCAAGGAUUCUGC	UAAUCCUUGCUACCUGGGUGAGAGU
Hsa-Mir-188-P3_pre	NC_000023.11	50013256	50013314	+	UACCCAUUGCAUAUCGGAGUUGUGAAUUCUCAAAACACCUCCUGUGUGCAUGGAUUACA	UACCCAUUGCAUAUCGGAGUUGU
Hsa-Mir-362-P4_pre	NC_000023.11	50014612	50014671	+	AAUCCUUGCUAUCUGGGUGCUAGUGCUGGCUCAAUGCAAUGCACCUGGGCAAGGAUUCAG	AAUGCACCUGGGCAAGGAUUCAG
Hsa-Let-7-P2b3_pre	NC_000023.11	53556242	53556320	-	UGAGGUAGUAAGUUGUAUUGUUGUGGGGUAGGGAUAUUAGGCCCCAAUUAGAAGAUAACUAUACAACUUACUACUUUCC	UGAGGUAGUAAGUUGUAUUGUU
Hsa-Let-7-P2a3_pre	NC_000023.11	53557197	53557267	-	UGAGGUAGUAGAUUGUAUAGUUUUAGGGUCAUACCCCAUCUUGGAGAUAACUAUACAGUCUACUGUCUUUC	UGAGGUAGUAGAUUGUAUAGUU
Hsa-Mir-223_pre	NC_000023.11	66018895	66018959	+	CGUGUAUUUGACAAGCUGAGUUGGACACUCCAUGUGGUAGAGUGUCAGUUUGUCAAAUACCCCAA	UGUCAGUUUGUCAAAUACCCCAA
Hsa-Mir-676_pre	NC_000023.11	70022864	70022919	+	UCUUCAACCUCAGGACUUGCAGAAUUAAUGGAAUGCUGUCCUAAGGUUGUUGAGUU	CUGUCCUAAGGUUGUUGAGUU
Hsa-Mir-95-P2_pre	NC_000023.11	74218393	74218448	-	CUCAUUAAAUGUUUGUUGAAUGAAAAAAUGAAUCAUCAACAGACAUUAAUUGGGCG	AUCAACAGACAUUAAUUGGGCG
Hsa-Mir-374-P2_pre	NC_000023.11	74218557	74218608	-	AUAUAAUACAACCUGCUAAGUGUCCUAGCACUUAGCAGGUUGUAUUAUCAUU	AUAUAAUACAACCUGCUAAGUG
Hsa-Mir-95-P3-v1_pre	NC_000023.11	74287125	74287187	-	CCUCAGUAAAUGUUUAUUAGAUGAAUAAAUGAAUGACUCAUCAGCAAACAUUUAUUGUGUGCC	CCUCAGUAAAUGUUUAUUAGAUG
Hsa-Mir-95-P3-v2_pre	NC_000023.11	74287126	74287185	-	UCAGUAAAUGUUUAUUAGAUGAAUAAAUGAAUGACUCAUCAGCAAACAUUUAUUGUGUGC	UCAGUAAAUGUUUAUUAGAUGA
Hsa-Mir-374-P1_pre	NC_000023.11	74287295	74287346	-	UUAUAAUACAACCUGAUAAGUGUUAUAGCACUUAUCAGAUUGUAUUGUAAUU	CUUAUCAGAUUGUAUUGUAAUU
Hsa-Mir-325_pre	NC_000023.11	77005427	77005486	-	CCUAGUAGGUGUCCAGUAAGUGUUUGUGACAUAAUUUGUUUAUUGAGGACCUCCUAUCAA	UUUAUUGAGGACCUCCUAUCAA
Hsa-Mir-361-v1_pre	NC_000023.11	85903639	85903702	-	UUAUCAGAAUCUCCAGGGGUACUUUAUAAUUUCAAAAAGUCCCCCAGGUGUGAUUCUGAUUUGC	UUAUCAGAAUCUCCAGGGGUAC
Hsa-Mir-361-v2_pre	NC_000023.11	85903640	85903701	-	UAUCAGAAUCUCCAGGGGUACUUUAUAAUUUCAAAAAGUCCCCCAGGUGUGAUUCUGAUUUG	UCCCCCAGGUGUGAUUCUGAUUUG
Hsa-Mir-652_pre	NC_000023.11	110055348	110055409	+	ACAACCCUAGGAGAGGGUGCCAUUCACAUAGACUAUAAUUGAAUGGCGCCACUAGGGUUGUG	AAUGGCGCCACUAGGGUUGUG
Hsa-Mir-1912_pre	NC_000023.11	114651556	114651610	+	CUCAUUGCAUGGGCUGUGUAUAGUAUUAUUCAAUACCCAGAGCAUGCAGUGUGAA	UACCCAGAGCAUGCAGUGUGAA
Hsa-Mir-95-P4_pre	NC_000023.11	114652655	114652717	+	AGGUCCUCAAUAAGUAUUUGUUGAAAGAAUAAAUAAACCAACAAGUCUUAUUUGAGCACCUGU	CAAGUCUUAUUUGAGCACCUGU
Hsa-Mir-1298_pre	NC_000023.11	114715250	114715325	+	UUCAUUCGGCUGUCCAGAUGUAUCCAAGUACCCUGUGUUAUUUGGCAAUAAAUACAUCUGGGCAACUGACUGAACU	UUCAUUCGGCUGUCCAGAUGUA
Hsa-Mir-1911_pre	NC_000023.11	114763195	114763253	+	UGAGUACCGCCAUGUCUGUUGGGCAUCCACAGUCUCCCACCAGGCAUUGUGGUCUCCGC	UGAGUACCGCCAUGUCUGUUGGG
Hsa-Mir-448_pre	NC_000023.11	114823465	114823543	+	GAACAUCCUGCAUAGUGCUGCCAGGAAAUCCCUAUUUCAUAUAAGAGGGGGCUGGCUGGUUGCAUAUGUAGGAUGUCCC	UUGCAUAUGUAGGAUGUCCC
Hsa-Mir-1277_pre	NC_000023.11	118386404	118386461	+	UAUAUAUAUAUAUGUACGUAUGUGUAUAUAAAUGUAUACGUAGAUAUAUAUGUAUUUU	UAUAUAUAUAUAUGUACGUAUG
Hsa-Mir-766_pre	NC_000023.11	119646763	119646820	-	AGGAGGAAUUGGUGCUGGUCUUUCAUUUUGGAUUUGACUCCAGCCCCACAGCCUCAGC	ACUCCAGCCCCACAGCCUCAGC
Hsa-Mir-92-P2b_pre	NC_000023.11	134169382	134169446	-	CGGGUGGAUCACGAUGCAAUUUUGAUGAGUAUCAUAGGAGAAAAAUUGCACGGUAUCCAUCUGUA	AAUUGCACGGUAUCCAUCUGUA
Hsa-Mir-92-P1b_pre	NC_000023.11	134169544	134169604	-	GGGUGGGGAUUUGUUGCAUUACUUGUGUUCUAUAUAAAGUAUUGCACUUGUCCCGGCCUGU	UAUUGCACUUGUCCCGGCCUGU
Hsa-Mir-19-P2b_pre	NC_000023.11	134169683	134169748	-	AGUUUUGCAGGUUUGCAUUUCAGCGUAUAUAUGUAUAUGUGGCUGUGCAAAUCCAUGCAAAACUGA	UGUGCAAAUCCAUGCAAAACUGA
Hsa-Mir-17-P3b_pre	NC_000023.11	134169812	134169872	-	CAAAGUGCUCAUAGUGCAGGUAGUUUUGGCAUGACUCUACUGUAGUAUGGGCACUUCCAGU	CAAAGUGCUCAUAGUGCAGGUAG
Hsa-Mir-17-P2b_pre	NC_000023.11	134170042	134170106	-	UAAGGUGCAUCUAGUGCAGUUAGUGAAGCAGCUUAGAAUCUACUGCCCUAAAUGCCCCUUCUGGC	UAAGGUGCAUCUAGUGCAGUUAGU
Hsa-Mir-17-P1b_pre	NC_000023.11	134170208	134170266	-	AAAAGUGCUUACAGUGCAGGUAGCUUUUUGAGAUCUACUGCAAUGUAAGCACUUCUUAC	AAAAGUGCUUACAGUGCAGGUAG
Hsa-Mir-450-P3_pre	NC_000023.11	134540195	134540252	-	UUUUGCAAUAUGUUCCUGAAUAUGUAAUAUAAGUGUAUUGGGAUCAUUUUGCAUCCAU	UUUUGCAAUAUGUUCCUGAAUAU
Hsa-Mir-450-P1_pre	NC_000023.11	134540358	134540414	-	UUUUGCGAUGUGUUCCUAAUAUGCACUAUAAAUAUAUUGGGAACAUUUUGCAUGUAU	UUUUGCGAUGUGUUCCUAAUAU
Hsa-Mir-450-P2_pre	NC_000023.11	134540529	134540585	-	UUUUGCGAUGUGUUCCUAAUAUGUAAUAUAAAUGUAUUGGGGACAUUUUGCAUUCAU	UUUUGCGAUGUGUUCCUAAUAU
Hsa-Mir-542-v1_pre	NC_000023.11	134541364	134541422	-	UCGGGGAUCAUCAUGUCACGAGAUACCAGUGUGCACUUGUGACAGAUUGAUAACUGAAA	UGUGACAGAUUGAUAACUGAAA
Hsa-Mir-542-v2_pre	NC_000023.11	134541365	134541421	-	CGGGGAUCAUCAUGUCACGAGAUACCAGUGUGCACUUGUGACAGAUUGAUAACUGAA	UUGUGACAGAUUGAUAACUGAA
Hsa-Mir-15-P2d_pre	NC_000023.11	134546331	134546393	-	UAGCAGCGGGAACAGUUCUGCAGUGAGCGAUCGGUGCUCUGGGGUAUUGUUUCCGCUGCCAGG	UAGCAGCGGGAACAGUUCUGCAG
Hsa-Mir-15-P1d_pre	NC_000023.11	134546643	134546701	-	CAGCAGCAAUUCAUGUUUUGAAGUGUUCUAAAUGGUUCAAAACGUGAGGCGCUGCUAUA	CAGCAGCAAUUCAUGUUUUGAA
Hsa-Mir-934_pre	NC_000023.11	136550892	136550948	+	UGUCUACUACUGGAGACACUGGUAGUAUAAAACCCAGAGUCUCCAGUAAUGGACGGG	UGUCUACUACUGGAGACACUGG
Hsa-Mir-504-v1_pre	NC_000023.11	138667723	138667781	-	AGACCCUGGUCUGCACUCUAUCUGUAUUCUUACUGAAGGGAGUGCAGGGCAGGGUUUCC	AGACCCUGGUCUGCACUCUAUC
Hsa-Mir-504-v2_pre	NC_000023.11	138667724	138667780	-	GACCCUGGUCUGCACUCUAUCUGUAUUCUUACUGAAGGGAGUGCAGGGCAGGGUUUC	GACCCUGGUCUGCACUCUAUC
Hsa-Mir-505-v1_pre	NC_000023.11	139924159	139924217	-	GGGAGCCAGGAAGUAUUGAUGUUUCUGCCAGUUUAGCGUCAACACUUGCUGGUUUCCUC	GGGAGCCAGGAAGUAUUGAUGUU
Hsa-Mir-505-v2_pre	NC_000023.11	139924159	139924217	-	GGGAGCCAGGAAGUAUUGAUGUUUCUGCCAGUUUAGCGUCAACACUUGCUGGUUUCCUC	GGGAGCCAGGAAGUAUUGAUGU
Hsa-Mir-506-P13_pre	NC_000023.11	145992760	145992816	-	UAUUCAGAAAGGUGCCAGUCACUUAGAUUACAUGUCACUGUUUCCUUUCUGAGUGGA	CACUGUUUCCUUUCUGAGUGGA
Hsa-Mir-506-P10_pre	NC_000023.11	145994285	145994341	-	UACUUGGAAAGGCAUCAGUUGCUUAGAUUACAUGUAACUAUUCCCUUUCUGAGUAGA	UACUUGGAAAGGCAUCAGUUGC
Hsa-Mir-506-P9_pre	NC_000023.11	145994794	145994850	-	UACUCAAAAAGCUGUCAGUCACUUAGAUUACAUGUGACUGACACCUCUUUGGGUGAA	UACUCAAAAAGCUGUCAGUCAC
Hsa-Mir-506-P11_pre	NC_000023.11	145996678	145996734	-	UACUCAGAAAGGUGCCAGUCACUUACACUACAUGUCACUGUGUCCUUUCUGCGUAGA	CACUGUGUCCUUUCUGCGUAGA
Hsa-Mir-506-P12_pre	NC_000023.11	145997208	145997264	-	UACUCAGAAAGGUGCCAUUUAUGUAGAUUUUAUGUCACUGGCUCCUUUCUGGGUAGA	CACUGGCUCCUUUCUGGGUAGA
Hsa-Mir-506-P6c_pre	NC_000023.11	147189717	147189774	-	UUCUCAAGGAGGUGUCGUUUAUGUGAACUAAAAUAUAAAUUUCACCUUUCUGAGAAGA	UUCUCAAGGAGGUGUCGUUUAUG
Hsa-Mir-506-P6b_pre	NC_000023.11	147199057	147199114	-	UUCACAAGGAGGUGUCAUUUAUGUGAACUAAAAUAUAAAUGUCACCUUUUUGAGAGGA	UUCACAAGGAGGUGUCAUUUAU
Hsa-Mir-506-P6a2_pre	NC_000023.11	147213498	147213555	-	UUCACAGGGAGGUGUCAUUUAUGUGAACUAAAAUAUAAAUUUCACCUUUCUGAGAAGG	UUCACAGGGAGGUGUCAUUUAUG
Hsa-Mir-506-P6a1_pre	NC_000023.11	147225860	147225917	-	UUCACAGGGAGGUGUCAUUUAUGUGAACUAAAAUAUAAAUUUCACCUUUCUGAGAAGG	UUCACAGGGAGGUGUCAUUUAUG
Hsa-Mir-506-P1_pre	NC_000023.11	147230753	147230809	-	UAUUCAGGAAGGUGUUACUUAAUAGAUUAAUAUUUGUAAGGCACCCUUCUGAGUAGA	GUAAGGCACCCUUCUGAGUAGA
Hsa-Mir-506-P2_pre	NC_000023.11	147231002	147231059	-	CACUUCAAGAAGUGCCAUGCAUGUGUCUAGAAAUAUGUUUUGCACCUUUUGGAGUGAA	UUUUGCACCUUUUGGAGUGAA
Hsa-Mir-506-P3_pre	NC_000023.11	147236945	147237002	-	UACUCCAGAGGGCGUCACUCAUGUAAACUAAAACAUGAUUGUAGCCUUUUGGAGUAGA	UGAUUGUAGCCUUUUGGAGUAGA
Hsa-Mir-506-P8_pre	NC_000023.11	147250161	147250218	-	UUCUCAAGAGGGAGGCAAUCAUGUGUAAUUAGAUAUGAUUGACACCUCUGUGAGUGGA	UUCUCAAGAGGGAGGCAAUCAU
Hsa-Mir-506-P4a2_pre	NC_000023.11	147258774	147258831	-	UACUGCAGACAGUGGCAAUCAUGUAUAAUUAAAAAUGAUUGGUACGUCUGUGGGUAGA	UGAUUGGUACGUCUGUGGGUAGA
Hsa-Mir-506-P4b_pre	NC_000023.11	147259661	147259717	-	UACUGCAGACGUGGCAAUCAUGUAUAAUUAAAAAUGAUUGGUACGUCUGUGGGUAGA	UGAUUGGUACGUCUGUGGGUAGA
Hsa-Mir-506-P4a1_pre	NC_000023.11	147260549	147260606	-	UACUGCAGACAGUGGCAAUCAUGUAUAAUUAAAAAUGAUUGGUACGUCUGUGGGUAGA	UGAUUGGUACGUCUGUGGGUAGA
Hsa-Mir-506-P5_pre	NC_000023.11	147272342	147272399	-	UACUCAGGAGAGUGGCAAUCACAUGUAAUUAGGUGUGAUUGAAACCUCUAAGAGUGGA	UACUCAGGAGAGUGGCAAUCACA
Hsa-Mir-506-P7a_pre	NC_000023.11	147279266	147279323	-	UACUCUGGAGAGUGACAAUCAUGUAUAAUUAAAUUUGAUUGACACUUCUGUGAGUAGA	AUUGACACUUCUGUGAGUAGA
Hsa-Mir-506-P7c_pre	NC_000023.11	147281957	147282014	-	UACUCUGGAGAGUGACAAUCAUGUAUAACUAAAUUUGAUUGACACUUCUGUGAGUAGA	AUUGACACUUCUGUGAGUAGA
Hsa-Mir-506-P7b_pre	NC_000023.11	147284655	147284712	-	UACUCUGGAGAGUGACAAUCAUGUAUAACUAAAUUUGAUUGACACUUCUGUGAGUAGA	AUUGACACUUCUGUGAGUAGA
Hsa-Mir-2114_pre	NC_000023.11	150228016	150228074	+	UAGUCCCUUCCUUGAAGCGGUCGGAUAAUCACAUGACGAGCCUCAAGCAAGGGACUUCA	CGAGCCUCAAGCAAGGGACUUCA
Hsa-Mir-224_pre	NC_000023.11	151958583	151958651	-	CAAGUCACUAGUGGUUCCGUUUAGUAGAUGAUUGUGCAUUGUUUCAAAAUGGUGCCCUAGUGACUACAA	CAAGUCACUAGUGGUUCCGUUUAG
Hsa-Mir-452-v1_pre	NC_000023.11	151959639	151959699	-	AACUGUUUGCAGAGGAAACUGAGACUUUGUAACUAUGUCUCAGUCUCAUCUGCAAAGAAGU	AACUGUUUGCAGAGGAAACUGAGA
Hsa-Mir-452-v2_pre	NC_000023.11	151959640	151959696	-	UGUUUGCAGAGGAAACUGAGACUUUGUAACUAUGUCUCAGUCUCAUCUGCAAAGAAG	UGUUUGCAGAGGAAACUGAGAC
Hsa-Mir-105-P1_pre	NC_000023.11	152392229	152392287	-	UCAAAUGCUCAGACUCCUGUGGUGGCUGCUCAUGCACCACGGAUGUUUGAGCAUGUGCU	UCAAAUGCUCAGACUCCUGUGGUG
Hsa-Mir-105-P2_pre	NC_000023.11	152394422	152394480	-	UCAAAUGCUCAGACUCCUGUGGUGGCUGCUUAUGCACCACGGAUGUUUGAGCAUGUGCU	UCAAAUGCUCAGACUCCUGUGGUG
